agent_id,scaffold,model,benchmark,n_tasks,n_correct,total_cost,date,run_id,source_file,accuracy
Assistantbench Browser Agent__anthropic/claude-3-7-sonnet-20250219__assistantbench_assistantbench_browser_agent_claude37sonnet20250219_1746383806,Assistantbench Browser Agent,anthropic/claude-3-7-sonnet-20250219,assistantbench,33,1,56.00424,2025-07-31,assistantbench_assistantbench_browser_agent_claude37sonnet20250219_1746383806,assistantbench_assistantbench_browser_agent_claude37sonnet20250219_1746383806_UPLOAD.zip,0.030303030303030304
Assistantbench Browser Agent__anthropic/claude-3-7-sonnet-20250219__assistantbench_assistantbench_browser_agent_claude37sonnet20250219_high_1748638033,Assistantbench Browser Agent,anthropic/claude-3-7-sonnet-20250219,assistantbench,33,0,16.132452,2025-07-31,assistantbench_assistantbench_browser_agent_claude37sonnet20250219_high_1748638033,assistantbench_assistantbench_browser_agent_claude37sonnet20250219_high_1748638033_UPLOAD.zip,0.0
Assistantbench Browser Agent__anthropic/claude-3-7-sonnet-20250219__assistantbench_assistantbench_browser_agent_claude37sonnet20250219_low_1748711087,Assistantbench Browser Agent,anthropic/claude-3-7-sonnet-20250219,assistantbench,33,3,14.88363,2025-07-31,assistantbench_assistantbench_browser_agent_claude37sonnet20250219_low_1748711087,assistantbench_assistantbench_browser_agent_claude37sonnet20250219_low_1748711087_UPLOAD.zip,0.09090909090909091
Assistantbench Browser Agent__anthropic/claude-sonnet-4-5-20250929__assistantbench_assistantbench_browser_agent_claudesonnet4520250929_1759266550,Assistantbench Browser Agent,anthropic/claude-sonnet-4-5-20250929,assistantbench,33,1,75.59819399999999,2025-10-01,assistantbench_assistantbench_browser_agent_claudesonnet4520250929_1759266550,assistantbench_assistantbench_browser_agent_claudesonnet4520250929_1759266550_UPLOAD.zip,0.030303030303030304
Assistantbench Browser Agent__deepseek-ai/DeepSeek-R1__assistantbench_assistantbench_browser_agent_deepseekaideepseekr1_1748894163,Assistantbench Browser Agent,deepseek-ai/DeepSeek-R1,assistantbench,33,0,5.295242,2025-07-31,assistantbench_assistantbench_browser_agent_deepseekaideepseekr1_1748894163,assistantbench_assistantbench_browser_agent_deepseekaideepseekr1_1748894163_UPLOAD.zip,0.0
Assistantbench Browser Agent__deepseek-ai/DeepSeek-R1__assistantbench_assistantbench_browser_agent_deepseekr1_1755121049,Assistantbench Browser Agent,deepseek-ai/DeepSeek-R1,assistantbench,33,0,86.451312,2025-08-14,assistantbench_assistantbench_browser_agent_deepseekr1_1755121049,assistantbench_assistantbench_browser_agent_deepseekr1_1755121049_UPLOAD.zip,0.0
Assistantbench Browser Agent__deepseek-ai/DeepSeek-V3__assistantbench_assistantbench_browser_agent_deepseekaideepseekv3_1746233269,Assistantbench Browser Agent,deepseek-ai/DeepSeek-V3,assistantbench,33,0,12.66002,2025-07-31,assistantbench_assistantbench_browser_agent_deepseekaideepseekv3_1746233269,assistantbench_assistantbench_browser_agent_deepseekaideepseekv3_1746233269_UPLOAD.zip,0.0
Assistantbench Browser Agent__gemini/gemini-2.0-flash__assistantbench_assistantbench_browser_agent_gemini20flash_1746393958,Assistantbench Browser Agent,gemini/gemini-2.0-flash,assistantbench,33,0,0.0,2025-07-31,assistantbench_assistantbench_browser_agent_gemini20flash_1746393958,assistantbench_assistantbench_browser_agent_gemini20flash_1746393958_UPLOAD.zip,0.0
Assistantbench Browser Agent__gemini/gemini-2.0-flash__assistantbench_assistantbench_browser_agent_gemini20flash_1755192000,Assistantbench Browser Agent,gemini/gemini-2.0-flash,assistantbench,33,0,2.178394,2025-08-14,assistantbench_assistantbench_browser_agent_gemini20flash_1755192000,assistantbench_assistantbench_browser_agent_gemini20flash_1755192000_UPLOAD.zip,0.0
Assistantbench Browser Agent__openai/gpt-4.1-2025-04-14__assistantbench_assistantbench_browser_agent_gpt4120250414_1746225570,Assistantbench Browser Agent,openai/gpt-4.1-2025-04-14,assistantbench,33,2,14.146052,2025-07-31,assistantbench_assistantbench_browser_agent_gpt4120250414_1746225570,assistantbench_assistantbench_browser_agent_gpt4120250414_1746225570_UPLOAD.zip,0.06060606060606061
Assistantbench Browser Agent__openai/gpt-5__assistantbench_assistantbench_browser_agent_gpt5_1754598271,Assistantbench Browser Agent,openai/gpt-5,assistantbench,33,0,41.836422500000005,2025-08-08,assistantbench_assistantbench_browser_agent_gpt5_1754598271,assistantbench_assistantbench_browser_agent_gpt5_1754598271_UPLOAD.zip,0.0
Assistantbench Browser Agent__openai/gpt-5__assistantbench_assistantbench_browser_agent_gpt5_1754633901,Assistantbench Browser Agent,openai/gpt-5,assistantbench,33,0,41.69215750000001,2025-08-08,assistantbench_assistantbench_browser_agent_gpt5_1754633901,assistantbench_assistantbench_browser_agent_gpt5_1754633901_UPLOAD.zip,0.0
Assistantbench Browser Agent__openai/o3-2025-04-16__assistantbench_assistantbench_browser_agent_o320250416_1750104946,Assistantbench Browser Agent,openai/o3-2025-04-16,assistantbench,33,2,75.7673,2025-07-31,assistantbench_assistantbench_browser_agent_o320250416_1750104946,assistantbench_assistantbench_browser_agent_o320250416_1750104946_UPLOAD.zip,0.06060606060606061
Assistantbench Browser Agent__openai/o4-mini-2025-04-16__assistantbench_assistantbench_browser_agent_o4mini20250416_1746227177,Assistantbench Browser Agent,openai/o4-mini-2025-04-16,assistantbench,33,2,12.4986114,2025-07-31,assistantbench_assistantbench_browser_agent_o4mini20250416_1746227177,assistantbench_assistantbench_browser_agent_o4mini20250416_1746227177_UPLOAD.zip,0.06060606060606061
Assistantbench Browser Agent__openai/o4-mini-2025-04-16__assistantbench_assistantbench_browser_agent_o4mini20250416_high_1746297478,Assistantbench Browser Agent,openai/o4-mini-2025-04-16,assistantbench,33,2,16.386713200000003,2025-07-31,assistantbench_assistantbench_browser_agent_o4mini20250416_high_1746297478,assistantbench_assistantbench_browser_agent_o4mini20250416_high_1746297478_UPLOAD.zip,0.06060606060606061
Assistantbench Browser Agent__openai/o4-mini-2025-04-16__assistantbench_assistantbench_browser_agent_o4mini20250416_low_1746374633,Assistantbench Browser Agent,openai/o4-mini-2025-04-16,assistantbench,33,2,9.2159078,2025-07-31,assistantbench_assistantbench_browser_agent_o4mini20250416_low_1746374633,assistantbench_assistantbench_browser_agent_o4mini20250416_low_1746374633_UPLOAD.zip,0.06060606060606061
Assistantbench Browser Agent__openrouter/anthropic/claude-opus-4.1__assistantbench_assistantbench_browser_agent_claudeopus4120250514_1754678912,Assistantbench Browser Agent,openrouter/anthropic/claude-opus-4.1,assistantbench,33,1,385.42725,2025-08-08,assistantbench_assistantbench_browser_agent_claudeopus4120250514_1754678912,assistantbench_assistantbench_browser_agent_claudeopus4120250514_1754678912_UPLOAD.zip,0.030303030303030304
Assistantbench Browser Agent__openrouter/anthropic/claude-opus-4.1__assistantbench_assistantbench_browser_agent_claudeopus41_high_1755199872,Assistantbench Browser Agent,openrouter/anthropic/claude-opus-4.1,assistantbench,33,0,779.724195,2025-08-15,assistantbench_assistantbench_browser_agent_claudeopus41_high_1755199872,assistantbench_assistantbench_browser_agent_claudeopus41_high_1755199872_UPLOAD.zip,0.0
Assistantbench Browser Agent__openrouter/anthropic/claude-sonnet-4.5__assistantbench_assistantbench_browser_agent_claudesonnet45_high_1759427714,Assistantbench Browser Agent,openrouter/anthropic/claude-sonnet-4.5,assistantbench,33,2,0.0,2025-10-02,assistantbench_assistantbench_browser_agent_claudesonnet45_high_1759427714,assistantbench_assistantbench_browser_agent_claudesonnet45_high_1759427714_UPLOAD.zip,0.06060606060606061
Browser-Use__gpt-4.1-2025-04-14__browser-use_gpt-4.1-2025-04-14,Browser-Use,gpt-4.1-2025-04-14,online_mind2web,300,109,236.61990612,2025-05-02,browser-use_gpt-4.1-2025-04-14,browser-use_gpt-4.1-2025-04-14_UPLOAD.zip,0.36333333333333334
Browser-Use__gpt-5-2025-08-07__browser-use_gpt-5_reasoning_effort_high,Browser-Use,gpt-5-2025-08-07,online_mind2web,300,107,1069.5855350000002,2025-08-16,browser-use_gpt-5_reasoning_effort_high,browser-use_gpt-5_reasoning_effort_high_UPLOAD.zip,0.3566666666666667
Browser-Use__gpt-5-2025-08-07__browser-use_gpt-5_reasoning_effort_medium,Browser-Use,gpt-5-2025-08-07,online_mind2web,300,96,736.3110300000001,2025-08-14,browser-use_gpt-5_reasoning_effort_medium,browser-use_gpt-5_reasoning_effort_medium_UPLOAD.zip,0.32
Browser-Use__gpt-5-2025-08-07__browser-use_gpt-5_reasoning_effort_minimal,Browser-Use,gpt-5-2025-08-07,online_mind2web,300,66,347.23208500000004,2025-08-13,browser-use_gpt-5_reasoning_effort_minimal,browser-use_gpt-5_reasoning_effort_minimal_UPLOAD.zip,0.22
Browser-Use__o3-2025-04-16__browser-use_o3-2025-04-16,Browser-Use,o3-2025-04-16,online_mind2web,300,87,1857.9361737,2025-05-17,browser-use_o3-2025-04-16,browser-use_o3-2025-04-16_UPLOAD.zip,0.29
Browser-Use__o4-mini-2025-04-16__browser-use_o4-mini_reasoning_effort_high,Browser-Use,o4-mini-2025-04-16,online_mind2web,300,60,297.93406104,2025-05-02,browser-use_o4-mini_reasoning_effort_high,browser-use_o4-mini_reasoning_effort_high_UPLOAD.zip,0.2
Browser-Use__o4-mini-2025-04-16__browser-use_o4-mini_reasoning_effort_low,Browser-Use,o4-mini-2025-04-16,online_mind2web,300,55,201.43624810000003,2025-05-08,browser-use_o4-mini_reasoning_effort_low,browser-use_o4-mini_reasoning_effort_low_UPLOAD.zip,0.18333333333333332
Browser-Use_test__claude-3-7-sonnet-20250219__browser-use_claude-3-7-sonnet-20250219,Browser-Use_test,claude-3-7-sonnet-20250219,online_mind2web,300,115,926.481348,2025-05-05,browser-use_claude-3-7-sonnet-20250219,browser-use_claude-3-7-sonnet-20250219_UPLOAD.zip,0.38333333333333336
Browser-Use_test__claude-3-7-sonnet-20250219__browser-use_claude-3-7-sonnet-20250219_thinking_high_4096,Browser-Use_test,claude-3-7-sonnet-20250219,online_mind2web,300,118,1151.878737,2025-07-10,browser-use_claude-3-7-sonnet-20250219_thinking_high_4096,browser-use_claude-3-7-sonnet-20250219_thinking_high_4096_UPLOAD.zip,0.3933333333333333
Browser-Use_test__claude-haiku-4-5-20251001__browser-use_claude-haiku-4-5-20251001,Browser-Use_test,claude-haiku-4-5-20251001,online_mind2web,300,113,598.677325,2025-11-12,browser-use_claude-haiku-4-5-20251001,browser-use_claude-haiku-4-5-20251001_UPLOAD.zip,0.37666666666666665
Browser-Use_test__claude-haiku-4-5-20251001__browser-use_claude-haiku-4-5-20251001_thinking_high_4096,Browser-Use_test,claude-haiku-4-5-20251001,online_mind2web,300,120,617.520126,2025-11-12,browser-use_claude-haiku-4-5-20251001_thinking_high_4096,browser-use_claude-haiku-4-5-20251001_thinking_high_4096_UPLOAD.zip,0.4
Browser-Use_test__claude-sonnet-4-20250514__browser-use_claude-sonnet-4-20250514,Browser-Use_test,claude-sonnet-4-20250514,online_mind2web,300,120,1577.2567669,2025-08-10,browser-use_claude-sonnet-4-20250514,browser-use_claude-sonnet-4-20250514_UPLOAD.zip,0.4
Browser-Use_test__claude-sonnet-4-20250514__browser-use_claude-sonnet-4-20250514_thinking_high_4096,Browser-Use_test,claude-sonnet-4-20250514,online_mind2web,300,118,1609.923468,2025-08-10,browser-use_claude-sonnet-4-20250514_thinking_high_4096,browser-use_claude-sonnet-4-20250514_thinking_high_4096_UPLOAD.zip,0.3933333333333333
Browser-Use_test__claude-sonnet-4-5-20250929__browser-use_claude-sonnet-4-5-20250929,Browser-Use_test,claude-sonnet-4-5-20250929,online_mind2web,300,139,1659.808536,2025-11-12,browser-use_claude-sonnet-4-5-20250929,browser-use_claude-sonnet-4-5-20250929_UPLOAD.zip,0.4633333333333333
Browser-Use_test__claude-sonnet-4-5-20250929__browser-use_claude-sonnet-4-5-20250929_thinking_high_4096,Browser-Use_test,claude-sonnet-4-5-20250929,online_mind2web,300,148,1669.2822569999998,2025-11-12,browser-use_claude-sonnet-4-5-20250929_thinking_high_4096,browser-use_claude-sonnet-4-5-20250929_thinking_high_4096_UPLOAD.zip,0.49333333333333335
Browser-Use_test__deepseek-ai/DeepSeek-R1__browser-use_DeepSeek-R1,Browser-Use_test,deepseek-ai/DeepSeek-R1,online_mind2web,300,76,280.930304,2025-05-11,browser-use_DeepSeek-R1,browser-use_DeepSeek-R1_UPLOAD.zip,0.25333333333333335
Browser-Use_test__deepseek-ai/DeepSeek-V3__browser-use_DeepSeek-V3,Browser-Use_test,deepseek-ai/DeepSeek-V3,online_mind2web,300,97,214.7444425,2025-05-09,browser-use_DeepSeek-V3,browser-use_DeepSeek-V3_UPLOAD.zip,0.3233333333333333
Browser-Use_test__gemini-2.0-flash__browser-use_gemini-2.0-flash,Browser-Use_test,gemini-2.0-flash,online_mind2web,300,87,18.0146363,2025-08-10,browser-use_gemini-2.0-flash,browser-use_gemini-2.0-flash_UPLOAD.zip,0.29
Browser-Use_test__gemini-2.5-pro-preview-03-25__browser-use_gemini-2.5-pro-preview-03-25,Browser-Use_test,gemini-2.5-pro-preview-03-25,online_mind2web,300,123,331.3742725,2025-08-11,browser-use_gemini-2.5-pro-preview-03-25,browser-use_gemini-2.5-pro-preview-03-25_UPLOAD.zip,0.41
"CORE-Agent(Claude-
Sonnet-4-5)__claude-sonnet-4-5__corebench_hard_coreagentclaudesonnet45_1759329435","CORE-Agent(Claude-
Sonnet-4-5)",claude-sonnet-4-5,corebench_hard,45,17,97.1492565,2025-10-01,corebench_hard_coreagentclaudesonnet45_1759329435,corebench_hard_coreagentclaudesonnet45_1759329435_UPLOAD.zip,0.37777777777777777
CORE-Agent__anthropic/claude-sonnet-4-5__corebench_hard_coreagentclaudesonnet45high_1759330487,CORE-Agent,anthropic/claude-sonnet-4-5,corebench_hard,45,20,92.339173,2025-10-01,corebench_hard_coreagentclaudesonnet45high_1759330487,corebench_hard_coreagentclaudesonnet45high_1759330487_UPLOAD.zip,0.4444444444444444
CORE-Agent__claude-3-7-sonnet-20250219__corebench_hard_coreagent_1744922181,CORE-Agent,claude-3-7-sonnet-20250219,corebench_hard,45,16,73.0401705,2025-04-19,corebench_hard_coreagent_1744922181,corebench_hard_coreagent_1744922181_UPLOAD.zip,0.35555555555555557
CORE-Agent__claude-3-7-sonnet-20250219__corebench_hard_coreagent_1745118908,CORE-Agent,claude-3-7-sonnet-20250219,corebench_hard,45,15,75.191293,2025-04-21,corebench_hard_coreagent_1745118908,corebench_hard_coreagent_1745118908_UPLOAD.zip,0.3333333333333333
CORE-Agent__claude-3-7-sonnet-20250219__corebench_hard_coreagent_1745258007,CORE-Agent,claude-3-7-sonnet-20250219,corebench_hard,45,11,72.46651700000001,2025-04-22,corebench_hard_coreagent_1745258007,corebench_hard_coreagent_1745258007_UPLOAD.zip,0.24444444444444444
CORE-Agent__claude-haiku-4-5__corebench_hard_coreagentclaudehaiku45_1760647306,CORE-Agent,claude-haiku-4-5,corebench_hard,45,5,0.0,2025-10-16,corebench_hard_coreagentclaudehaiku45_1760647306,corebench_hard_coreagentclaudehaiku45_1760647306_UPLOAD.zip,0.1111111111111111
CORE-Agent__claude-sonnet-4-20250514__corebench_hard_coreagentclaudesonnet4_1755796611,CORE-Agent,claude-sonnet-4-20250514,corebench_hard,45,13,50.270689,2025-08-21,corebench_hard_coreagentclaudesonnet4_1755796611,corebench_hard_coreagentclaudesonnet4_1755796611_UPLOAD.zip,0.28888888888888886
CORE-Agent__claude-sonnet-4-20250514__corebench_hard_coreagentclaudesonnet4high_1755814601,CORE-Agent,claude-sonnet-4-20250514,corebench_hard,45,15,100.4777685,2025-08-21,corebench_hard_coreagentclaudesonnet4high_1755814601,corebench_hard_coreagentclaudesonnet4high_1755814601_UPLOAD.zip,0.3333333333333333
CORE-Agent__gemini/gemini-2.0-flash__corebench_hard_coreagent_1744856042,CORE-Agent,gemini/gemini-2.0-flash,corebench_hard,45,5,12.4607438,2025-04-19,corebench_hard_coreagent_1744856042,corebench_hard_coreagent_1744856042_UPLOAD.zip,0.1111111111111111
CORE-Agent__gemini/gemini-2.5-pro-preview-03-25__corebench_hard_coreagent_1744922265,CORE-Agent,gemini/gemini-2.5-pro-preview-03-25,corebench_hard,45,10,182.33768750000004,2025-04-19,corebench_hard_coreagent_1744922265,corebench_hard_coreagent_1744922265_UPLOAD.zip,0.2222222222222222
CORE-Agent__gpt-4.1-2025-04-14__corebench_hard_coreagent_1744752123,CORE-Agent,gpt-4.1-2025-04-14,corebench_hard,45,15,107.360036,2025-04-19,corebench_hard_coreagent_1744752123,corebench_hard_coreagent_1744752123_UPLOAD.zip,0.3333333333333333
CORE-Agent__o3-2025-04-16__corebench_hard_coreagent_1745118876,CORE-Agent,o3-2025-04-16,corebench_hard,45,11,602.36698,2025-04-20,corebench_hard_coreagent_1745118876,corebench_hard_coreagent_1745118876_UPLOAD.zip,0.24444444444444444
CORE-Agent__o3-mini-2025-01-31__corebench_hard_coreagent_1744922343,CORE-Agent,o3-mini-2025-01-31,corebench_hard,45,7,25.055886,2025-04-18,corebench_hard_coreagent_1744922343,corebench_hard_coreagent_1744922343_UPLOAD.zip,0.15555555555555556
CORE-Agent__o4-mini-2025-04-16__corebench_hard_coreagent_1745046580,CORE-Agent,o4-mini-2025-04-16,corebench_hard,45,8,31.7882798,2025-04-19,corebench_hard_coreagent_1745046580,corebench_hard_coreagent_1745046580_UPLOAD.zip,0.17777777777777778
CORE-Agent__o4-mini-2025-04-16__corebench_hard_coreagent_1745075792,CORE-Agent,o4-mini-2025-04-16,corebench_hard,45,12,61.351168599999994,2025-04-19,corebench_hard_coreagent_1745075792,corebench_hard_coreagent_1745075792_UPLOAD.zip,0.26666666666666666
CORE-Agent__openai/gpt-5-2025-08-07__corebench_hard_coreagent_1754599494,CORE-Agent,openai/gpt-5-2025-08-07,corebench_hard,45,12,31.76036,2025-08-08,corebench_hard_coreagent_1754599494,corebench_hard_coreagent_1754599494_UPLOAD.zip,0.26666666666666666
CORE-Agent__openrouter/anthropic/claude-opus-4.1__corebench_hard_coreagent_1754492675,CORE-Agent,openrouter/anthropic/claude-opus-4.1,corebench_hard,45,23,412.4151425,2025-08-06,corebench_hard_coreagent_1754492675,corebench_hard_coreagent_1754492675_UPLOAD.zip,0.5111111111111111
CORE-Agent__openrouter/anthropic/claude-opus-4.1__corebench_hard_coreagent_1754539779,CORE-Agent,openrouter/anthropic/claude-opus-4.1,corebench_hard,45,19,509.95333,2025-08-07,corebench_hard_coreagent_1754539779,corebench_hard_coreagent_1754539779_UPLOAD.zip,0.4222222222222222
CORE-Agent__openrouter/deepseek/deepseek-chat-v3.1__corebench_hard_coreagentdeepseekv31_1755793007,CORE-Agent,openrouter/deepseek/deepseek-chat-v3.1,corebench_hard,45,9,5.90533799,2025-08-21,corebench_hard_coreagentdeepseekv31_1755793007,corebench_hard_coreagentdeepseekv31_1755793007_UPLOAD.zip,0.2
CORE-Agent__openrouter/openai/gpt-oss-120b__corebench_hard_coreagent_1754492673,CORE-Agent,openrouter/openai/gpt-oss-120b,corebench_hard,45,5,4.2090646,2025-08-06,corebench_hard_coreagent_1754492673,corebench_hard_coreagent_1754492673_UPLOAD.zip,0.1111111111111111
CORE-Agent__openrouter/openai/gpt-oss-120b__corebench_hard_coreagent_1754539776,CORE-Agent,openrouter/openai/gpt-oss-120b,corebench_hard,45,5,4.212021099999999,2025-08-07,corebench_hard_coreagent_1754539776,corebench_hard_coreagent_1754539776_UPLOAD.zip,0.1111111111111111
CORE-Agent__together_ai/deepseek-ai/DeepSeek-R1__corebench_hard_coreagent_1744922373,CORE-Agent,together_ai/deepseek-ai/DeepSeek-R1,corebench_hard,45,4,127.565503,2025-04-19,corebench_hard_coreagent_1744922373,corebench_hard_coreagent_1744922373_UPLOAD.zip,0.08888888888888889
CORE-Agent__together_ai/deepseek-ai/DeepSeek-V3__corebench_hard_coreagent_1744854746,CORE-Agent,together_ai/deepseek-ai/DeepSeek-V3,corebench_hard,45,8,25.259340000000005,2025-04-19,corebench_hard_coreagent_1744854746,corebench_hard_coreagent_1744854746_UPLOAD.zip,0.17777777777777778
Claude Code__claude-opus-4-1__corebench_hard_claude_code_claudeopus41_1764560915,Claude Code,claude-opus-4-1,corebench_hard,45,19,331.7909827499999,2025-12-01,corebench_hard_claude_code_claudeopus41_1764560915,corebench_hard_claude_code_claudeopus41_1764560915_UPLOAD.zip,0.4222222222222222
Claude Code__claude-opus-4-5__corebench_hard_claude_code_claudeopus45_1764537671,Claude Code,claude-opus-4-5,corebench_hard,45,35,87.16201675000002,2025-12-01,corebench_hard_claude_code_claudeopus45_1764537671,corebench_hard_claude_code_claudeopus45_1764537671_UPLOAD.zip,0.7777777777777778
Claude Code__claude-sonnet-4-20250514__corebench_hard_claude_code_claudesonnet420250514_1764558813,Claude Code,claude-sonnet-4-20250514,corebench_hard,45,21,65.57513715,2025-12-01,corebench_hard_claude_code_claudesonnet420250514_1764558813,corebench_hard_claude_code_claudesonnet420250514_1764558813_UPLOAD.zip,0.4666666666666667
Claude Code__claude-sonnet-4-5-20250929__corebench_hard_claude_code_claudesonnet4520250929_1764605733,Claude Code,claude-sonnet-4-5-20250929,corebench_hard,45,28,68.329936,2025-12-01,corebench_hard_claude_code_claudesonnet4520250929_1764605733,corebench_hard_claude_code_claudesonnet4520250929_1764605733_UPLOAD.zip,0.6222222222222222
Core Agent Opus 4.5 high__claude-opus-4-5-20251101__corebench_hard_core_agent_opus_45_high_1764027725,Core Agent Opus 4.5 high,claude-opus-4-5-20251101,corebench_hard,45,19,152.66230000000004,2025-11-24,corebench_hard_core_agent_opus_45_high_1764027725,corebench_hard_core_agent_opus_45_high_1764027725_UPLOAD.zip,0.4222222222222222
Core Agent Opus 4.5__claude-opus-4-5-20251101__corebench_hard_core_agent_opus_45_1764027531,Core Agent Opus 4.5,claude-opus-4-5-20251101,corebench_hard,45,19,168.99429000000003,2025-11-24,corebench_hard_core_agent_opus_45_1764027531,corebench_hard_core_agent_opus_45_1764027531_UPLOAD.zip,0.4222222222222222
Core Agent__google/gemini-3-pro-preview__corebench_hard_core_agent_1763842609,Core Agent,google/gemini-3-pro-preview,corebench_hard,45,18,0.01366,2025-11-22,corebench_hard_core_agent_1763842609,corebench_hard_core_agent_1763842609_UPLOAD.zip,0.4
Core-Agent__openrouter/deepseek/deepseek-r1__corebench_hard_coreagentdeepseekr1_1757604883,Core-Agent,openrouter/deepseek/deepseek-r1,corebench_hard,45,2,35.425319,2025-09-11,corebench_hard_coreagentdeepseekr1_1757604883,corebench_hard_coreagentdeepseekr1_1757604883_UPLOAD.zip,0.044444444444444446
Coreagent__anthropic/claude-opus-4-5-20251101__corebench_hard_coreagentclaudeopus45_1765822018,Coreagent,anthropic/claude-opus-4-5-20251101,corebench_hard,45,34,273.739365,2025-12-15,corebench_hard_coreagentclaudeopus45_1765822018,corebench_hard_coreagentclaudeopus45_1765822018_UPLOAD.zip,0.7555555555555555
HAL Generalist Agent__anthropic/claude-3-7-sonnet-20250219__scicode_hal_generalist_agent_claude37sonnet20250219_high_1748947217,HAL Generalist Agent,anthropic/claude-3-7-sonnet-20250219,scicode,65,2,188.154993,2025-07-29,scicode_hal_generalist_agent_claude37sonnet20250219_high_1748947217,scicode_hal_generalist_agent_claude37sonnet20250219_high_1748947217_UPLOAD.zip,0.03076923076923077
HAL Generalist Agent__claude-3-7-sonnet-20250219__assistantbench_hal_generalist_agent_claude37sonnet20250219_1746223066,HAL Generalist Agent,claude-3-7-sonnet-20250219,assistantbench,33,0,9.713307,2025-07-31,assistantbench_hal_generalist_agent_claude37sonnet20250219_1746223066,assistantbench_hal_generalist_agent_claude37sonnet20250219_1746223066_UPLOAD.zip,0.0
HAL Generalist Agent__claude-3-7-sonnet-20250219__assistantbench_hal_generalist_agent_claude37sonnet20250219_high_1748661923,HAL Generalist Agent,claude-3-7-sonnet-20250219,assistantbench,33,1,10.564131,2025-07-31,assistantbench_hal_generalist_agent_claude37sonnet20250219_high_1748661923,assistantbench_hal_generalist_agent_claude37sonnet20250219_high_1748661923_UPLOAD.zip,0.030303030303030304
HAL Generalist Agent__claude-3-7-sonnet-20250219__assistantbench_hal_generalist_agent_claude37sonnet20250219_low_1748660152,HAL Generalist Agent,claude-3-7-sonnet-20250219,assistantbench,33,1,9.809895,2025-07-31,assistantbench_hal_generalist_agent_claude37sonnet20250219_low_1748660152,assistantbench_hal_generalist_agent_claude37sonnet20250219_low_1748660152_UPLOAD.zip,0.030303030303030304
HAL Generalist Agent__claude-3-7-sonnet-20250219__corebench_hard_hal_generalist_agent_1747200995,HAL Generalist Agent,claude-3-7-sonnet-20250219,corebench_hard,45,0,0.15963,2025-05-18,corebench_hard_hal_generalist_agent_1747200995,corebench_hard_hal_generalist_agent_1747200995_UPLOAD.zip,0.0
HAL Generalist Agent__claude-3-7-sonnet-20250219__corebench_hard_hal_generalist_agent_1748734902,HAL Generalist Agent,claude-3-7-sonnet-20250219,corebench_hard,45,4,36.671253,2025-06-01,corebench_hard_hal_generalist_agent_1748734902,corebench_hard_hal_generalist_agent_1748734902_UPLOAD.zip,0.08888888888888889
HAL Generalist Agent__claude-3-7-sonnet-20250219__corebench_hard_hal_generalist_agent_1748793241,HAL Generalist Agent,claude-3-7-sonnet-20250219,corebench_hard,45,10,63.211237,2025-06-02,corebench_hard_hal_generalist_agent_1748793241,corebench_hard_hal_generalist_agent_1748793241_UPLOAD.zip,0.2222222222222222
HAL Generalist Agent__claude-3-7-sonnet-20250219__corebench_hard_hal_generalist_agent_1748971685,HAL Generalist Agent,claude-3-7-sonnet-20250219,corebench_hard,45,12,51.587013,2025-06-04,corebench_hard_hal_generalist_agent_1748971685,corebench_hard_hal_generalist_agent_1748971685_UPLOAD.zip,0.26666666666666666
HAL Generalist Agent__claude-3-7-sonnet-20250219__corebench_hard_hal_generalist_agent_1749067899,HAL Generalist Agent,claude-3-7-sonnet-20250219,corebench_hard,45,14,54.3719495,2025-06-05,corebench_hard_hal_generalist_agent_1749067899,corebench_hard_hal_generalist_agent_1749067899_UPLOAD.zip,0.3111111111111111
HAL Generalist Agent__claude-3-7-sonnet-20250219__gaia_hal_generalist_agent_claude37sonnet20250219_1744772193,HAL Generalist Agent,claude-3-7-sonnet-20250219,gaia,165,93,130.678222,2025-04-24,gaia_hal_generalist_agent_claude37sonnet20250219_1744772193,gaia_hal_generalist_agent_claude37sonnet20250219_1744772193_UPLOAD.zip,0.5636363636363636
HAL Generalist Agent__claude-3-7-sonnet-20250219__gaia_hal_generalist_agent_claude37sonnet20250219_high_1744730242,HAL Generalist Agent,claude-3-7-sonnet-20250219,gaia,165,106,122.490232,2025-04-25,gaia_hal_generalist_agent_claude37sonnet20250219_high_1744730242,gaia_hal_generalist_agent_claude37sonnet20250219_high_1744730242_UPLOAD.zip,0.6424242424242425
HAL Generalist Agent__claude-3-7-sonnet-20250219__scicode_hal_generalist_agent_claude37sonnet20250219_1745706693,HAL Generalist Agent,claude-3-7-sonnet-20250219,scicode,65,2,60.395964,2025-04-27,scicode_hal_generalist_agent_claude37sonnet20250219_1745706693,scicode_hal_generalist_agent_claude37sonnet20250219_1745706693_UPLOAD.zip,0.03076923076923077
HAL Generalist Agent__claude-3-7-sonnet-20250219__scienceagentbench_hal_generalist_agent_claude37sonnet20250219_1746110849,HAL Generalist Agent,claude-3-7-sonnet-20250219,scienceagentbench,102,11,41.219199,2025-05-04,scienceagentbench_hal_generalist_agent_claude37sonnet20250219_1746110849,scienceagentbench_hal_generalist_agent_claude37sonnet20250219_1746110849_UPLOAD.zip,0.10784313725490197
HAL Generalist Agent__claude-3-7-sonnet-20250219__scienceagentbench_hal_generalist_agent_claude37sonnet20250219_high_1746405109,HAL Generalist Agent,claude-3-7-sonnet-20250219,scienceagentbench,102,18,48.279636,2025-05-08,scienceagentbench_hal_generalist_agent_claude37sonnet20250219_high_1746405109,scienceagentbench_hal_generalist_agent_claude37sonnet20250219_high_1746405109_UPLOAD.zip,0.17647058823529413
HAL Generalist Agent__claude-3-7-sonnet-20250219__swebench_verified_mini_hal_generalist_agent_claude37sonnet20250219_1744644286,HAL Generalist Agent,claude-3-7-sonnet-20250219,swebench_verified_mini,50,13,117.42916,2025-04-14,swebench_verified_mini_hal_generalist_agent_claude37sonnet20250219_1744644286,swebench_verified_mini_hal_generalist_agent_claude37sonnet20250219_1744644286_UPLOAD.zip,0.26
HAL Generalist Agent__claude-haiku-4-5__gaia_hal_generalist_agent_claudehaiku45_1760657477,HAL Generalist Agent,claude-haiku-4-5,gaia,165,93,0.292905,2025-10-16,gaia_hal_generalist_agent_claudehaiku45_1760657477,gaia_hal_generalist_agent_claudehaiku45_1760657477_UPLOAD.zip,0.5636363636363636
HAL Generalist Agent__claude-opus-4-20250514__gaia_hal_generalist_agent_claudeopus420250514_1754344946,HAL Generalist Agent,claude-opus-4-20250514,gaia,165,50,272.76060000000007,2025-08-05,gaia_hal_generalist_agent_claudeopus420250514_1754344946,gaia_hal_generalist_agent_claudeopus420250514_1754344946_UPLOAD.zip,0.30303030303030304
HAL Generalist Agent__claude-opus-4-20250514__gaia_hal_generalist_agent_claudeopus420250514_1754374886,HAL Generalist Agent,claude-opus-4-20250514,gaia,165,107,665.885085,2025-08-05,gaia_hal_generalist_agent_claudeopus420250514_1754374886,gaia_hal_generalist_agent_claudeopus420250514_1754374886_UPLOAD.zip,0.6484848484848484
HAL Generalist Agent__gemini/gemini-2.0-flash__assistantbench_hal_generalist_agent_gemini20flash_1746220438,HAL Generalist Agent,gemini/gemini-2.0-flash,assistantbench,33,1,1.4047378,2025-07-31,assistantbench_hal_generalist_agent_gemini20flash_1746220438,assistantbench_hal_generalist_agent_gemini20flash_1746220438_UPLOAD.zip,0.030303030303030304
HAL Generalist Agent__gemini/gemini-2.0-flash__corebench_hard_hal_generalist_agent_1747201030,HAL Generalist Agent,gemini/gemini-2.0-flash,corebench_hard,45,3,17.6822214,2025-05-14,corebench_hard_hal_generalist_agent_1747201030,corebench_hard_hal_generalist_agent_1747201030_UPLOAD.zip,0.06666666666666667
HAL Generalist Agent__gemini/gemini-2.0-flash__gaia_hal_generalist_agent_gemini20flash_1744828175,HAL Generalist Agent,gemini/gemini-2.0-flash,gaia,165,54,7.796710600000001,2025-04-16,gaia_hal_generalist_agent_gemini20flash_1744828175,gaia_hal_generalist_agent_gemini20flash_1744828175_UPLOAD.zip,0.32727272727272727
HAL Generalist Agent__gemini/gemini-2.5-pro-preview-03-25__corebench_hard_hal_generalist_agent_1747247518,HAL Generalist Agent,gemini/gemini-2.5-pro-preview-03-25,corebench_hard,45,2,30.376812500000003,2025-05-15,corebench_hard_hal_generalist_agent_1747247518,corebench_hard_hal_generalist_agent_1747247518_UPLOAD.zip,0.044444444444444446
HAL Generalist Agent__google/gemini-3-pro-preview__corebench_hard_hal_generalist_agent_1763837773,HAL Generalist Agent,google/gemini-3-pro-preview,corebench_hard,45,16,0.009615,2025-11-22,corebench_hard_hal_generalist_agent_1763837773,corebench_hard_hal_generalist_agent_1763837773_UPLOAD.zip,0.35555555555555557
HAL Generalist Agent__gpt-4.1-2025-04-14__corebench_hard_hal_generalist_agent_1747200929,HAL Generalist Agent,gpt-4.1-2025-04-14,corebench_hard,45,6,54.607752,2025-05-14,corebench_hard_hal_generalist_agent_1747200929,corebench_hard_hal_generalist_agent_1747200929_UPLOAD.zip,0.13333333333333333
HAL Generalist Agent__gpt-4.1-2025-04-14__scienceagentbench_hal_generalist_agent_gpt4120250414_1745541259,HAL Generalist Agent,gpt-4.1-2025-04-14,scienceagentbench,102,7,68.95334799999999,2025-04-30,scienceagentbench_hal_generalist_agent_gpt4120250414_1745541259,scienceagentbench_hal_generalist_agent_gpt4120250414_1745541259_UPLOAD.zip,0.06862745098039216
HAL Generalist Agent__gpt-4.1-2025-04-14__swebench_verified_mini_hal_generalist_agent_gpt4120250414_1744667697,HAL Generalist Agent,gpt-4.1-2025-04-14,swebench_verified_mini,50,1,51.796595999999994,2025-04-14,swebench_verified_mini_hal_generalist_agent_gpt4120250414_1744667697,swebench_verified_mini_hal_generalist_agent_gpt4120250414_1744667697_UPLOAD.zip,0.02
HAL Generalist Agent__gpt-4o-2024-11-20__swebench_verified_mini_hal_generalist_agent_gpt4o20241120_1744598787,HAL Generalist Agent,gpt-4o-2024-11-20,swebench_verified_mini,50,1,149.59175500000003,2025-04-14,swebench_verified_mini_hal_generalist_agent_gpt4o20241120_1744598787,swebench_verified_mini_hal_generalist_agent_gpt4o20241120_1744598787_UPLOAD.zip,0.02
HAL Generalist Agent__gpt-5-2025-08-07__gaia_hal_generalist_agent_gpt520250807_1758875386,HAL Generalist Agent,gpt-5-2025-08-07,gaia,165,98,104.7471025,2025-09-26,gaia_hal_generalist_agent_gpt520250807_1758875386,gaia_hal_generalist_agent_gpt520250807_1758875386_UPLOAD.zip,0.593939393939394
HAL Generalist Agent__gpt-5__corebench_hard_hal_generalist_agentgpt5medium_1756137340,HAL Generalist Agent,gpt-5,corebench_hard,45,5,29.7532175,2025-08-25,corebench_hard_hal_generalist_agentgpt5medium_1756137340,corebench_hard_hal_generalist_agentgpt5medium_1756137340_UPLOAD.zip,0.1111111111111111
HAL Generalist Agent__o3-2025-04-16__corebench_hard_hal_generalist_agent_1747360523,HAL Generalist Agent,o3-2025-04-16,corebench_hard,45,7,123.50166,2025-05-16,corebench_hard_hal_generalist_agent_1747360523,corebench_hard_hal_generalist_agent_1747360523_UPLOAD.zip,0.15555555555555556
HAL Generalist Agent__o3-2025-04-16__corebench_hard_hal_generalist_agento3medium_1755626315,HAL Generalist Agent,o3-2025-04-16,corebench_hard,45,10,441.69848,2025-08-19,corebench_hard_hal_generalist_agento3medium_1755626315,corebench_hard_hal_generalist_agento3medium_1755626315_UPLOAD.zip,0.2222222222222222
HAL Generalist Agent__o3-2025-04-16__gaia_hal_generalist_agent_o320250416_1753903002,HAL Generalist Agent,o3-2025-04-16,gaia,165,47,2828.5441530000003,2025-09-26,gaia_hal_generalist_agent_o320250416_1753903002,gaia_hal_generalist_agent_o320250416_1753903002slim_UPLOAD.zip,0.28484848484848485
HAL Generalist Agent__o3-2025-04-16__scienceagentbench_hal_generalist_agent_o320250416_1746110877,HAL Generalist Agent,o3-2025-04-16,scienceagentbench,102,10,155.41830000000002,2025-05-04,scienceagentbench_hal_generalist_agent_o320250416_1746110877,scienceagentbench_hal_generalist_agent_o320250416_1746110877_UPLOAD.zip,0.09803921568627451
HAL Generalist Agent__o3-mini-2025-01-31__gaia_hal_generalist_agent_o3mini20250131_1744609696,HAL Generalist Agent,o3-mini-2025-01-31,gaia,165,56,13.188021,2025-04-14,gaia_hal_generalist_agent_o3mini20250131_1744609696,gaia_hal_generalist_agent_o3mini20250131_1744609696_UPLOAD.zip,0.3393939393939394
HAL Generalist Agent__o3-mini-2025-01-31__gaia_hal_generalist_agent_o3mini20250131_high_1744670471,HAL Generalist Agent,o3-mini-2025-01-31,gaia,165,77,30.3672722,2025-04-14,gaia_hal_generalist_agent_o3mini20250131_high_1744670471,gaia_hal_generalist_agent_o3mini20250131_high_1744670471_UPLOAD.zip,0.4666666666666667
HAL Generalist Agent__o4-mini-2025-04-16__corebench_hard_hal_generalist_agent_1747247482,HAL Generalist Agent,o4-mini-2025-04-16,corebench_hard,45,7,21.796383400000003,2025-05-15,corebench_hard_hal_generalist_agent_1747247482,corebench_hard_hal_generalist_agent_1747247482_UPLOAD.zip,0.15555555555555556
HAL Generalist Agent__o4-mini-2025-04-16__corebench_hard_hal_generalist_agent_1747285818,HAL Generalist Agent,o4-mini-2025-04-16,corebench_hard,45,11,50.2795304,2025-05-15,corebench_hard_hal_generalist_agent_1747285818,corebench_hard_hal_generalist_agent_1747285818_UPLOAD.zip,0.24444444444444444
HAL Generalist Agent__o4-mini-2025-04-16__gaia_hal_generalist_agent_o4mini20250416_high_1745167285,HAL Generalist Agent,o4-mini-2025-04-16,gaia,165,90,59.3913298,2025-04-20,gaia_hal_generalist_agent_o4mini20250416_high_1745167285,gaia_hal_generalist_agent_o4mini20250416_high_1745167285_UPLOAD.zip,0.5454545454545454
HAL Generalist Agent__o4-mini-2025-04-16__gaia_hal_generalist_agent_o4mini20250416_low_1745167262,HAL Generalist Agent,o4-mini-2025-04-16,gaia,165,96,73.2557738,2025-04-23,gaia_hal_generalist_agent_o4mini20250416_low_1745167262,gaia_hal_generalist_agent_o4mini20250416_low_1745167262_UPLOAD.zip,0.5818181818181818
HAL Generalist Agent__o4-mini-2025-04-16__scienceagentbench_hal_generalist_agent_o4mini20250416_high_1746044352,HAL Generalist Agent,o4-mini-2025-04-16,scienceagentbench,102,22,76.30467900000001,2025-05-01,scienceagentbench_hal_generalist_agent_o4mini20250416_high_1746044352,scienceagentbench_hal_generalist_agent_o4mini20250416_high_1746044352_UPLOAD.zip,0.21568627450980393
HAL Generalist Agent__o4-mini-2025-04-16__scienceagentbench_hal_generalist_agent_o4mini20250416_low_1746044336,HAL Generalist Agent,o4-mini-2025-04-16,scienceagentbench,102,20,77.3190088,2025-05-01,scienceagentbench_hal_generalist_agent_o4mini20250416_low_1746044336,scienceagentbench_hal_generalist_agent_o4mini20250416_low_1746044336_UPLOAD.zip,0.19607843137254902
HAL Generalist Agent__o4-mini-2025-04-16__swebench_verified_mini_hal_generalist_agent_o4mini20250416_high_1753778285,HAL Generalist Agent,o4-mini-2025-04-16,swebench_verified_mini,50,1,32.0204412,2025-07-29,swebench_verified_mini_hal_generalist_agent_o4mini20250416_high_1753778285,swebench_verified_mini_hal_generalist_agent_o4mini20250416_high_1753778285_UPLOAD.zip,0.02
HAL Generalist Agent__o4-mini-2025-04-16__swebench_verified_mini_hal_generalist_agent_o4mini20250416_low_1753776027,HAL Generalist Agent,o4-mini-2025-04-16,swebench_verified_mini,50,3,87.0304952,2025-07-29,swebench_verified_mini_hal_generalist_agent_o4mini20250416_low_1753776027,swebench_verified_mini_hal_generalist_agent_o4mini20250416_low_1753776027_UPLOAD.zip,0.06
HAL Generalist Agent__openai/gpt-4.1-2025-04-14__corebench_hard_hal_generalist_agentgpt41_1755644685,HAL Generalist Agent,openai/gpt-4.1-2025-04-14,corebench_hard,45,10,58.318427,2025-08-19,corebench_hard_hal_generalist_agentgpt41_1755644685,corebench_hard_hal_generalist_agentgpt41_1755644685_UPLOAD.zip,0.2222222222222222
HAL Generalist Agent__openai/gpt-4.1-2025-04-14__gaia_hal_generalist_agent_gpt4120250414_1744652581,HAL Generalist Agent,openai/gpt-4.1-2025-04-14,gaia,165,82,74.18968,2025-04-14,gaia_hal_generalist_agent_gpt4120250414_1744652581,gaia_hal_generalist_agent_gpt4120250414_1744652581_UPLOAD.zip,0.49696969696969695
HAL Generalist Agent__openai/o4-mini-2025-04-16__corebench_hard_hal_generalist_agento4minihigh_1755580383,HAL Generalist Agent,openai/o4-mini-2025-04-16,corebench_hard,45,16,45.3673704,2025-08-19,corebench_hard_hal_generalist_agento4minihigh_1755580383,corebench_hard_hal_generalist_agento4minihigh_1755580383_UPLOAD.zip,0.35555555555555557
HAL Generalist Agent__openai/o4-mini-2025-04-16__corebench_hard_hal_generalist_agento4minilow_1755608756,HAL Generalist Agent,openai/o4-mini-2025-04-16,corebench_hard,45,7,22.495319,2025-08-19,corebench_hard_hal_generalist_agento4minilow_1755608756,corebench_hard_hal_generalist_agento4minilow_1755608756_UPLOAD.zip,0.15555555555555556
HAL Generalist Agent__openrouter/anthropic/claude-3.7-sonnet:thinking__corebench_hard_hal_generalist_agentsonnet_37_high_1755663010,HAL Generalist Agent,openrouter/anthropic/claude-3.7-sonnet:thinking,corebench_hard,45,17,66.148651,2025-08-20,corebench_hard_hal_generalist_agentsonnet_37_high_1755663010,corebench_hard_hal_generalist_agentsonnet_37_high_1755663010_UPLOAD.zip,0.37777777777777777
HAL Generalist Agent__openrouter/anthropic/claude-3.7-sonnet__corebench_hard_hal_generalist_agentsonnet_37_1755652380,HAL Generalist Agent,openrouter/anthropic/claude-3.7-sonnet,corebench_hard,45,14,56.638796,2025-08-20,corebench_hard_hal_generalist_agentsonnet_37_1755652380,corebench_hard_hal_generalist_agentsonnet_37_1755652380_UPLOAD.zip,0.3111111111111111
HAL Generalist Agent__openrouter/anthropic/claude-opus-4.1__assistantbench_hal_generalist_agent_claudeopus4120250514_1754545969,HAL Generalist Agent,openrouter/anthropic/claude-opus-4.1,assistantbench,33,2,108.466995,2025-08-07,assistantbench_hal_generalist_agent_claudeopus4120250514_1754545969,assistantbench_hal_generalist_agent_claudeopus4120250514_1754545969_UPLOAD.zip,0.06060606060606061
HAL Generalist Agent__openrouter/anthropic/claude-opus-4.1__assistantbench_hal_generalist_agent_claudeopus4120250514_high_1754543029,HAL Generalist Agent,openrouter/anthropic/claude-opus-4.1,assistantbench,33,2,112.606305,2025-08-07,assistantbench_hal_generalist_agent_claudeopus4120250514_high_1754543029,assistantbench_hal_generalist_agent_claudeopus4120250514_high_1754543029_UPLOAD.zip,0.06060606060606061
HAL Generalist Agent__openrouter/anthropic/claude-opus-4.1__assistantbench_hal_generalist_agent_claudeopus41_high_1754936482,HAL Generalist Agent,openrouter/anthropic/claude-opus-4.1,assistantbench,33,5,145.00632000000002,2025-08-11,assistantbench_hal_generalist_agent_claudeopus41_high_1754936482,assistantbench_hal_generalist_agent_claudeopus41_high_1754936482_UPLOAD.zip,0.15151515151515152
HAL Generalist Agent__openrouter/anthropic/claude-opus-4.1__corebench_hard_hal_generalist_agent_1754443772,HAL Generalist Agent,openrouter/anthropic/claude-opus-4.1,corebench_hard,45,16,375.108105,2025-08-06,corebench_hard_hal_generalist_agent_1754443772,corebench_hard_hal_generalist_agent_1754443772_UPLOAD.zip,0.35555555555555557
HAL Generalist Agent__openrouter/anthropic/claude-opus-4.1__corebench_hard_hal_generalist_agent_1754569694,HAL Generalist Agent,openrouter/anthropic/claude-opus-4.1,corebench_hard,45,15,358.473855,2025-08-07,corebench_hard_hal_generalist_agent_1754569694,corebench_hard_hal_generalist_agent_1754569694_UPLOAD.zip,0.3333333333333333
HAL Generalist Agent__openrouter/anthropic/claude-opus-4.1__gaia_hal_generalist_agent_claudeopus41_1758719749,HAL Generalist Agent,openrouter/anthropic/claude-opus-4.1,gaia,165,113,562.2390849999999,2025-09-24,gaia_hal_generalist_agent_claudeopus41_1758719749,gaia_hal_generalist_agent_claudeopus41_1758719749_UPLOAD.zip,0.6848484848484848
HAL Generalist Agent__openrouter/anthropic/claude-opus-4.1__gaia_hal_generalist_agent_claudeopus41_1758798743,HAL Generalist Agent,openrouter/anthropic/claude-opus-4.1,gaia,165,106,641.8564050000001,2025-09-25,gaia_hal_generalist_agent_claudeopus41_1758798743,gaia_hal_generalist_agent_claudeopus41_1758798743_UPLOAD.zip,0.6424242424242425
HAL Generalist Agent__openrouter/anthropic/claude-sonnet-4.5__gaia_hal_generalist_agent_claudesonnet45_1759265643,HAL Generalist Agent,openrouter/anthropic/claude-sonnet-4.5,gaia,165,117,179.862987,2025-09-30,gaia_hal_generalist_agent_claudesonnet45_1759265643,gaia_hal_generalist_agent_claudesonnet45_1759265643_UPLOAD.zip,0.7090909090909091
HAL Generalist Agent__openrouter/anthropic/claude-sonnet-4.5__gaia_hal_generalist_agent_claudesonnet45_1759276006,HAL Generalist Agent,openrouter/anthropic/claude-sonnet-4.5,gaia,165,123,187.370399,2025-10-01,gaia_hal_generalist_agent_claudesonnet45_1759276006,gaia_hal_generalist_agent_claudesonnet45_1759276006_UPLOAD.zip,0.7454545454545455
HAL Generalist Agent__openrouter/anthropic/claude-sonnet-4.5__gaia_hal_generalist_agent_claudesonnet45_1760447287,HAL Generalist Agent,openrouter/anthropic/claude-sonnet-4.5,gaia,165,123,169.024955,2025-10-14,gaia_hal_generalist_agent_claudesonnet45_1760447287,gaia_hal_generalist_agent_claudesonnet45_1760447287_UPLOAD.zip,0.7454545454545455
HAL Generalist Agent__openrouter/deepseek/deepseek-chat-v3-0324__corebench_hard_hal_generalist_agentdeepseekv30324_1755710007,HAL Generalist Agent,openrouter/deepseek/deepseek-chat-v3-0324,corebench_hard,45,4,0.76341258,2025-08-20,corebench_hard_hal_generalist_agentdeepseekv30324_1755710007,corebench_hard_hal_generalist_agentdeepseekv30324_1755710007_UPLOAD.zip,0.08888888888888889
HAL Generalist Agent__openrouter/deepseek/deepseek-chat-v3-0324__gaia_hal_generalist_agent_deepseekchatv30324_1760455632,HAL Generalist Agent,openrouter/deepseek/deepseek-chat-v3-0324,gaia,165,37,5.52306,2025-10-14,gaia_hal_generalist_agent_deepseekchatv30324_1760455632,gaia_hal_generalist_agent_deepseekchatv30324_1760455632_UPLOAD.zip,0.22424242424242424
HAL Generalist Agent__openrouter/deepseek/deepseek-r1-0528__corebench_hard_hal_generalist_agentdeepseekr10528_1755721934,HAL Generalist Agent,openrouter/deepseek/deepseek-r1-0528,corebench_hard,45,4,2.5486945199999997,2025-08-20,corebench_hard_hal_generalist_agentdeepseekr10528_1755721934,corebench_hard_hal_generalist_agentdeepseekr10528_1755721934_UPLOAD.zip,0.08888888888888889
HAL Generalist Agent__openrouter/openai/gpt-oss-120b__corebench_hard_hal_generalist_agent_1754439280,HAL Generalist Agent,openrouter/openai/gpt-oss-120b,corebench_hard,45,4,2.7911289,2025-08-06,corebench_hard_hal_generalist_agent_1754439280,corebench_hard_hal_generalist_agent_1754439280_UPLOAD.zip,0.08888888888888889
HAL Generalist Agent__openrouter/openai/gpt-oss-120b__corebench_hard_hal_generalist_agent_1754569684,HAL Generalist Agent,openrouter/openai/gpt-oss-120b,corebench_hard,45,4,2.0526009,2025-08-07,corebench_hard_hal_generalist_agent_1754569684,corebench_hard_hal_generalist_agent_1754569684_UPLOAD.zip,0.08888888888888889
HAL Generalist Agent__together_ai/deepseek-ai/DeepSeek-R1__assistantbench_hal_generalist_agent_deepseekaideepseekr1_1748900721,HAL Generalist Agent,together_ai/deepseek-ai/DeepSeek-R1,assistantbench,33,0,24.438138,2025-07-31,assistantbench_hal_generalist_agent_deepseekaideepseekr1_1748900721,assistantbench_hal_generalist_agent_deepseekaideepseekr1_1748900721_UPLOAD.zip,0.0
HAL Generalist Agent__together_ai/deepseek-ai/DeepSeek-R1__corebench_hard_hal_generalist_agent_1747247500,HAL Generalist Agent,together_ai/deepseek-ai/DeepSeek-R1,corebench_hard,45,3,47.096622,2025-05-15,corebench_hard_hal_generalist_agent_1747247500,corebench_hard_hal_generalist_agent_1747247500_UPLOAD.zip,0.06666666666666667
HAL Generalist Agent__together_ai/deepseek-ai/DeepSeek-R1__gaia_hal_generalist_agent_deepseekaideepseekr1_1744683894,HAL Generalist Agent,together_ai/deepseek-ai/DeepSeek-R1,gaia,165,50,73.192047,2025-04-15,gaia_hal_generalist_agent_deepseekaideepseekr1_1744683894,gaia_hal_generalist_agent_deepseekaideepseekr1_1744683894_UPLOAD.zip,0.30303030303030304
HAL Generalist Agent__together_ai/deepseek-ai/DeepSeek-R1__scicode_hal_generalist_agent_deepseekaideepseekr1_1753777608,HAL Generalist Agent,together_ai/deepseek-ai/DeepSeek-R1,scicode,65,0,486.778178,2025-07-30,scicode_hal_generalist_agent_deepseekaideepseekr1_1753777608,scicode_hal_generalist_agent_deepseekaideepseekr1_1753777608_UPLOAD.zip,0.0
HAL Generalist Agent__together_ai/deepseek-ai/DeepSeek-V3__assistantbench_hal_generalist_agent_deepseekaideepseekv3_1746221486,HAL Generalist Agent,together_ai/deepseek-ai/DeepSeek-V3,assistantbench,33,4,3.979422500000001,2025-07-31,assistantbench_hal_generalist_agent_deepseekaideepseekv3_1746221486,assistantbench_hal_generalist_agent_deepseekaideepseekv3_1746221486_UPLOAD.zip,0.12121212121212122
HAL Generalist Agent__together_ai/deepseek-ai/DeepSeek-V3__corebench_hard_hal_generalist_agent_1747200950,HAL Generalist Agent,together_ai/deepseek-ai/DeepSeek-V3,corebench_hard,45,4,18.500042500000003,2025-05-14,corebench_hard_hal_generalist_agent_1747200950,corebench_hard_hal_generalist_agent_1747200950_UPLOAD.zip,0.08888888888888889
HAL Generalist Agent__together_ai/deepseek-ai/DeepSeek-V3__gaia_hal_generalist_agent_deepseekaideepseekv3_1744673872,HAL Generalist Agent,together_ai/deepseek-ai/DeepSeek-V3,gaia,165,60,29.2678325,2025-04-15,gaia_hal_generalist_agent_deepseekaideepseekv3_1744673872,gaia_hal_generalist_agent_deepseekaideepseekv3_1744673872_UPLOAD.zip,0.36363636363636365
HAL Generalist Agent__together_ai/deepseek-ai/DeepSeek-V3__scicode_hal_generalist_agent_deepseekaideepseekv3_1745642054,HAL Generalist Agent,together_ai/deepseek-ai/DeepSeek-V3,scicode,65,0,219.36304,2025-04-26,scicode_hal_generalist_agent_deepseekaideepseekv3_1745642054,scicode_hal_generalist_agent_deepseekaideepseekv3_1745642054_UPLOAD.zip,0.0
HAL Generalist Agent__together_ai/deepseek-ai/DeepSeek-V3__scienceagentbench_hal_generalist_agent_deepseekaideepseekv3_1746052235,HAL Generalist Agent,together_ai/deepseek-ai/DeepSeek-V3,scienceagentbench,102,1,55.73207500000001,2025-05-01,scienceagentbench_hal_generalist_agent_deepseekaideepseekv3_1746052235,scienceagentbench_hal_generalist_agent_deepseekaideepseekv3_1746052235_UPLOAD.zip,0.00980392156862745
HAL Generalist__claude-3-7-sonnet-20250219__swebench_verified_mini_hal_generalist_claude37sonnet20250219_1754345420,HAL Generalist,claude-3-7-sonnet-20250219,swebench_verified_mini,50,19,76.805826,2025-11-09,swebench_verified_mini_hal_generalist_claude37sonnet20250219_1754345420,swebench_verified_mini_hal_generalist_claude37sonnet20250219_1754345420_UPLOAD.zip,0.38
HAL Generalist__claude-haiku-4-5-20251001__swebench_verified_mini_hal_generalist_claudehaiku4520251001_1762352878,HAL Generalist,claude-haiku-4-5-20251001,swebench_verified_mini,50,22,65.309217,2025-11-05,swebench_verified_mini_hal_generalist_claudehaiku4520251001_1762352878,swebench_verified_mini_hal_generalist_claudehaiku4520251001_1762352878_UPLOAD.zip,0.44
HAL Generalist__claude-haiku-4-5-20251001__swebench_verified_mini_hal_generalist_claudehaiku4520251001_1762392995,HAL Generalist,claude-haiku-4-5-20251001,swebench_verified_mini,49,12,87.219172,2025-11-06,swebench_verified_mini_hal_generalist_claudehaiku4520251001_1762392995,swebench_verified_mini_hal_generalist_claudehaiku4520251001_1762392995_UPLOAD.zip,0.24489795918367346
HAL Generalist__claude-opus-4-1-20250805__swebench_verified_mini_hal_generalist_claudeopus4120250805_1755656398,HAL Generalist,claude-opus-4-1-20250805,swebench_verified_mini,50,28,399.926355,2025-11-09,swebench_verified_mini_hal_generalist_claudeopus4120250805_1755656398,swebench_verified_mini_hal_generalist_claudeopus4120250805_1755656398_UPLOAD.zip,0.56
HAL Generalist__claude-opus-4-1-20250805__swebench_verified_mini_hal_generalist_claudeopus4120250805_1755678864,HAL Generalist,claude-opus-4-1-20250805,swebench_verified_mini,50,26,477.64779,2025-11-09,swebench_verified_mini_hal_generalist_claudeopus4120250805_1755678864,swebench_verified_mini_hal_generalist_claudeopus4120250805_1755678864_UPLOAD.zip,0.52
HAL Generalist__claude-opus-4-20250514__swebench_verified_mini_hal_generalist_claudeopus420250514_1754322422,HAL Generalist,claude-opus-4-20250514,swebench_verified_mini,50,15,403.4175,2025-08-04,swebench_verified_mini_hal_generalist_claudeopus420250514_1754322422,swebench_verified_mini_hal_generalist_claudeopus420250514_1754322422_UPLOAD.zip,0.3
HAL Generalist__claude-opus-4-20250514__swebench_verified_mini_hal_generalist_claudeopus420250514_1755353480,HAL Generalist,claude-opus-4-20250514,swebench_verified_mini,50,17,382.39359,2025-08-17,swebench_verified_mini_hal_generalist_claudeopus420250514_1755353480,swebench_verified_mini_hal_generalist_claudeopus420250514_1755353480_UPLOAD.zip,0.34
HAL Generalist__claude-sonnet-4-5-20250929__swebench_verified_mini_hal_generalist_claudesonnet4520250929_1762371616,HAL Generalist,claude-sonnet-4-5-20250929,swebench_verified_mini,50,20,95.970405,2025-11-06,swebench_verified_mini_hal_generalist_claudesonnet4520250929_1762371616,swebench_verified_mini_hal_generalist_claudesonnet4520250929_1762371616_UPLOAD.zip,0.4
HAL Generalist__claude-sonnet-4-5-20250929__swebench_verified_mini_hal_generalist_claudesonnet4520250929_1762442198,HAL Generalist,claude-sonnet-4-5-20250929,swebench_verified_mini,50,17,128.190291,2025-11-06,swebench_verified_mini_hal_generalist_claudesonnet4520250929_1762442198,swebench_verified_mini_hal_generalist_claudesonnet4520250929_1762442198_UPLOAD.zip,0.34
HAL Generalist__gpt-5-2025-08-07__swebench_verified_mini_hal_generalist_gpt520250807_1755463923,HAL Generalist,gpt-5-2025-08-07,swebench_verified_mini,50,7,45.087038500000006,2025-11-09,swebench_verified_mini_hal_generalist_gpt520250807_1755463923,swebench_verified_mini_hal_generalist_gpt520250807_1755463923_UPLOAD.zip,0.14
HAL-Generalist-Agent__anthropic/claude-sonnet-4-5__corebench_hard_halgeneralistagentclaudesonnet45_1759433359,HAL-Generalist-Agent,anthropic/claude-sonnet-4-5,corebench_hard,45,15,85.188974,2025-10-02,corebench_hard_halgeneralistagentclaudesonnet45_1759433359,corebench_hard_halgeneralistagentclaudesonnet45_1759433359_UPLOAD.zip,0.3333333333333333
HAL-Generalist-Agent__anthropic/claude-sonnet-4-5__corebench_hard_halgeneralistagentclaudesonnet45high_1759423572,HAL-Generalist-Agent,anthropic/claude-sonnet-4-5,corebench_hard,45,13,87.774936,2025-10-02,corebench_hard_halgeneralistagentclaudesonnet45high_1759423572,corebench_hard_halgeneralistagentclaudesonnet45high_1759423572_UPLOAD.zip,0.28888888888888886
HF Open Deep Research__claude-3-7-sonnet-20250219__gaia_hf_open_deep_research_claude37sonnet20250219_1745000974,HF Open Deep Research,claude-3-7-sonnet-20250219,gaia,165,61,415.151697,2025-04-19,gaia_hf_open_deep_research_claude37sonnet20250219_1745000974,gaia_hf_open_deep_research_claude37sonnet20250219_1745000974_UPLOAD.zip,0.3696969696969697
HF Open Deep Research__claude-3-7-sonnet-20250219__gaia_hf_open_deep_research_claude37sonnet20250219_high_1745539901,HF Open Deep Research,claude-3-7-sonnet-20250219,gaia,165,59,113.646582,2025-04-25,gaia_hf_open_deep_research_claude37sonnet20250219_high_1745539901,gaia_hf_open_deep_research_claude37sonnet20250219_high_1745539901_UPLOAD.zip,0.3575757575757576
HF Open Deep Research__gemini/gemini-2.0-flash__gaia_hf_open_deep_research_gemini20flash_1744843220,HF Open Deep Research,gemini/gemini-2.0-flash,gaia,165,32,18.8174954,2025-04-17,gaia_hf_open_deep_research_gemini20flash_1744843220,gaia_hf_open_deep_research_gemini20flash_1744843220_UPLOAD.zip,0.19393939393939394
HF Open Deep Research__gpt-4.1-2025-04-14__gaia_hf_open_deep_research_gpt4120250414_1744843595,HF Open Deep Research,gpt-4.1-2025-04-14,gaia,165,83,109.87662,2025-04-17,gaia_hf_open_deep_research_gpt4120250414_1744843595,gaia_hf_open_deep_research_gpt4120250414_1744843595_UPLOAD.zip,0.503030303030303
HF Open Deep Research__gpt-5-2025-08-07__gaia_hf_open_deep_research_gpt520250807_1754605128,HF Open Deep Research,gpt-5-2025-08-07,gaia,164,103,359.82547500000004,2025-08-09,gaia_hf_open_deep_research_gpt520250807_1754605128,gaia_hf_open_deep_research_gpt520250807_1754605128_UPLOAD.zip,0.6280487804878049
HF Open Deep Research__o3-2025-04-16__gaia_hf_open_deep_research_o320250416_1745876880,HF Open Deep Research,o3-2025-04-16,gaia,165,54,681.9689200000001,2025-04-29,gaia_hf_open_deep_research_o320250416_1745876880,gaia_hf_open_deep_research_o320250416_1745876880_UPLOAD.zip,0.32727272727272727
HF Open Deep Research__o3-mini-2025-01-31__gaia_hf_open_deep_research_o3mini20250131_high_1744843485,HF Open Deep Research,o3-mini-2025-01-31,gaia,165,30,57.240053200000006,2025-04-16,gaia_hf_open_deep_research_o3mini20250131_high_1744843485,gaia_hf_open_deep_research_o3mini20250131_high_1744843485_UPLOAD.zip,0.18181818181818182
HF Open Deep Research__o4-mini-2025-04-16__gaia_hf_open_deep_research_o4mini20250416_high_1744923206,HF Open Deep Research,o4-mini-2025-04-16,gaia,165,92,184.8657316,2025-04-18,gaia_hf_open_deep_research_o4mini20250416_high_1744923206,gaia_hf_open_deep_research_o4mini20250416_high_1744923206_UPLOAD.zip,0.5575757575757576
HF Open Deep Research__o4-mini-2025-04-16__gaia_hf_open_deep_research_o4mini20250416_low_1744921254,HF Open Deep Research,o4-mini-2025-04-16,gaia,165,79,80.79979600000001,2025-04-17,gaia_hf_open_deep_research_o4mini20250416_low_1744921254,gaia_hf_open_deep_research_o4mini20250416_low_1744921254_UPLOAD.zip,0.47878787878787876
HF Open Deep Research__openrouter/anthropic/claude-opus-4.1__gaia_hf_open_deep_research_claudeopus41_1755030930,HF Open Deep Research,openrouter/anthropic/claude-opus-4.1,gaia,165,47,1306.854915,2025-08-13,gaia_hf_open_deep_research_claudeopus41_1755030930,gaia_hf_open_deep_research_claudeopus41_1755030930_UPLOAD.zip,0.28484848484848485
HF Open Deep Research__openrouter/anthropic/claude-opus-4.1__gaia_hf_open_deep_research_claudeopus41_high_1755092997,HF Open Deep Research,openrouter/anthropic/claude-opus-4.1,gaia,165,42,1473.637935,2025-08-14,gaia_hf_open_deep_research_claudeopus41_high_1755092997,gaia_hf_open_deep_research_claudeopus41_high_1755092997_UPLOAD.zip,0.2545454545454545
HF Open Deep Research__openrouter/anthropic/claude-opus-4__gaia_hf_open_deep_research_claudeopus4_1754425534,HF Open Deep Research,openrouter/anthropic/claude-opus-4,gaia,165,95,1686.07356,2025-08-07,gaia_hf_open_deep_research_claudeopus4_1754425534,gaia_hf_open_deep_research_claudeopus4_1754425534_UPLOAD.zip,0.5757575757575758
HF Open Deep Research__together_ai/deepseek-ai/DeepSeek-R1__gaia_hf_open_deep_research_deepseekaideepseekr1_1744851690,HF Open Deep Research,together_ai/deepseek-ai/DeepSeek-R1,gaia,165,41,143.077684,2025-04-17,gaia_hf_open_deep_research_deepseekaideepseekr1_1744851690,gaia_hf_open_deep_research_deepseekaideepseekr1_1744851690_UPLOAD.zip,0.24848484848484848
HF Open Deep Research__together_ai/deepseek-ai/DeepSeek-V3__gaia_hf_open_deep_research_deepseekaideepseekv3_1744851680,HF Open Deep Research,together_ai/deepseek-ai/DeepSeek-V3,gaia,165,47,76.6392025,2025-04-17,gaia_hf_open_deep_research_deepseekaideepseekv3_1744851680,gaia_hf_open_deep_research_deepseekaideepseekv3_1744851680_UPLOAD.zip,0.28484848484848485
Hal Generalist Agent Opus 4.5 high__claude-opus-4-5-20251101__corebench_hard_hal_generalist_agent_opus_45_high_1764046628,Hal Generalist Agent Opus 4.5 high,claude-opus-4-5-20251101,corebench_hard,45,14,112.3781325,2025-11-25,corebench_hard_hal_generalist_agent_opus_45_high_1764046628,corebench_hard_hal_generalist_agent_opus_45_high_1764046628_UPLOAD.zip,0.3111111111111111
Hal Generalist Agent Opus 4.5__claude-opus-4-5-20251101__corebench_hard_hal_generalist_agent_opus_45_1764046559,Hal Generalist Agent Opus 4.5,claude-opus-4-5-20251101,corebench_hard,45,15,127.40722,2025-11-25,corebench_hard_hal_generalist_agent_opus_45_1764046559,corebench_hard_hal_generalist_agent_opus_45_1764046559_UPLOAD.zip,0.3333333333333333
Hal Generalist Agent__gemini/gemini-2.0-flash__corebench_hard_hal_generalist_agentgemini20flash_1755839828,Hal Generalist Agent,gemini/gemini-2.0-flash,corebench_hard,45,2,7.055404800000001,2025-08-22,corebench_hard_hal_generalist_agentgemini20flash_1755839828,corebench_hard_hal_generalist_agentgemini20flash_1755839828_UPLOAD.zip,0.044444444444444446
Hal Generalist Agent__gpt-4.1-2025-04-14__assistantbench_hal_generalist_agent_gpt4120250414_1746216493,Hal Generalist Agent,gpt-4.1-2025-04-14,assistantbench,33,3,10.834879999999998,2025-07-31,assistantbench_hal_generalist_agent_gpt4120250414_1746216493,assistantbench_hal_generalist_agent_gpt4120250414_1746216493_UPLOAD.zip,0.09090909090909091
Hal Generalist Agent__gpt-4.1-2025-04-14__scicode_hal_generalist_agent_gpt4120250414_1745597325,Hal Generalist Agent,gpt-4.1-2025-04-14,scicode,65,1,73.86541199999999,2025-04-27,scicode_hal_generalist_agent_gpt4120250414_1745597325,scicode_hal_generalist_agent_gpt4120250414_1745597325_UPLOAD.zip,0.015384615384615385
Hal Generalist Agent__openai/o3-2025-04-16__assistantbench_hal_generalist_agent_o320250416_1746219524,Hal Generalist Agent,openai/o3-2025-04-16,assistantbench,33,0,30.93022,2025-07-31,assistantbench_hal_generalist_agent_o320250416_1746219524,assistantbench_hal_generalist_agent_o320250416_1746219524_UPLOAD.zip,0.0
Hal Generalist Agent__openai/o3-2025-04-16__scicode_hal_generalist_agent_o320250416_1745625091,Hal Generalist Agent,openai/o3-2025-04-16,scicode,65,4,291.49574,2025-04-27,scicode_hal_generalist_agent_o320250416_1745625091,scicode_hal_generalist_agent_o320250416_1745625091_UPLOAD.zip,0.06153846153846154
Hal Generalist Agent__openai/o3-2025-04-16__scicode_hal_generalist_agent_o320250416_1750127070,Hal Generalist Agent,openai/o3-2025-04-16,scicode,65,2,334.88384,2025-06-17,scicode_hal_generalist_agent_o320250416_1750127070,scicode_hal_generalist_agent_o320250416_1750127070_UPLOAD.zip,0.03076923076923077
Hal Generalist Agent__openai/o4-mini-2025-04-16__assistantbench_hal_generalist_agent_o4mini20250416_1746216959,Hal Generalist Agent,openai/o4-mini-2025-04-16,assistantbench,33,1,5.900378,2025-07-31,assistantbench_hal_generalist_agent_o4mini20250416_1746216959,assistantbench_hal_generalist_agent_o4mini20250416_1746216959_UPLOAD.zip,0.030303030303030304
Hal Generalist Agent__openai/o4-mini-2025-04-16__assistantbench_hal_generalist_agent_o4mini20250416_high_1746217844,Hal Generalist Agent,openai/o4-mini-2025-04-16,assistantbench,33,2,8.8374924,2025-07-31,assistantbench_hal_generalist_agent_o4mini20250416_high_1746217844,assistantbench_hal_generalist_agent_o4mini20250416_high_1746217844_UPLOAD.zip,0.06060606060606061
Hal Generalist Agent__openai/o4-mini-2025-04-16__assistantbench_hal_generalist_agent_o4mini20250416_low_1746217634,Hal Generalist Agent,openai/o4-mini-2025-04-16,assistantbench,33,1,2.1096856,2025-07-31,assistantbench_hal_generalist_agent_o4mini20250416_low_1746217634,assistantbench_hal_generalist_agent_o4mini20250416_low_1746217634_UPLOAD.zip,0.030303030303030304
Hal Generalist Agent__openai/o4-mini-2025-04-16__scicode_hal_generalist_agent_o4mini20250416_1745600817,Hal Generalist Agent,openai/o4-mini-2025-04-16,scicode,65,1,87.6864956,2025-04-27,scicode_hal_generalist_agent_o4mini20250416_1745600817,scicode_hal_generalist_agent_o4mini20250416_1745600817_UPLOAD.zip,0.015384615384615385
Hal Generalist Agent__openai/o4-mini-2025-04-16__scicode_hal_generalist_agent_o4mini20250416_high_1745615438,Hal Generalist Agent,openai/o4-mini-2025-04-16,scicode,65,1,92.1022564,2025-04-25,scicode_hal_generalist_agent_o4mini20250416_high_1745615438,scicode_hal_generalist_agent_o4mini20250416_high_1745615438_UPLOAD.zip,0.015384615384615385
Hal Generalist Agent__openai/o4-mini-2025-04-16__scicode_hal_generalist_agent_o4mini20250416_low_1745608137,Hal Generalist Agent,openai/o4-mini-2025-04-16,scicode,65,4,165.90124980000002,2025-04-27,scicode_hal_generalist_agent_o4mini20250416_low_1745608137,scicode_hal_generalist_agent_o4mini20250416_low_1745608137_UPLOAD.zip,0.06153846153846154
Hal Generalist Agent__openrouter/deepseek/deepseek-r1__corebench_hard_hal_generalist_agentdeepseekr1_1757615687,Hal Generalist Agent,openrouter/deepseek/deepseek-r1,corebench_hard,45,1,14.374021,2025-09-11,corebench_hard_hal_generalist_agentdeepseekr1_1757615687,corebench_hard_hal_generalist_agentdeepseekr1_1757615687_UPLOAD.zip,0.022222222222222223
My Agent__claude-3-7-sonnet-20250219__swebench_verified_mini_1744384313,My Agent,claude-3-7-sonnet-20250219,swebench_verified_mini,50,25,489.290568,2025-04-12,swebench_verified_mini_1744384313,swebench_verified_mini_1744384313_UPLOAD.zip,0.5
My Agent__claude-opus-4-20250514__swebench_verified_mini_my_agentclaudeopus420250514_1754199232,My Agent,claude-opus-4-20250514,swebench_verified_mini,50,30,105.965394,2025-10-31,swebench_verified_mini_my_agentclaudeopus420250514_1754199232,swebench_verified_mini_my_agentclaudeopus420250514_1754199232_UPLOAD.zip,0.6
My Agent__gemini/gemini-2.0-flash__swebench_verified_mini_1744505272,My Agent,gemini/gemini-2.0-flash,swebench_verified_mini,49,11,4.718695200000001,2025-11-10,swebench_verified_mini_1744505272,swebench_verified_mini_1744505272_UPLOAD.zip,0.22448979591836735
My Agent__gpt-4o__swebench_verified_mini_1743738168,My Agent,gpt-4o,swebench_verified_mini,48,14,350.71709,2025-04-04,swebench_verified_mini_1743738168,swebench_verified_mini_1743738168_UPLOAD.zip,0.2916666666666667
My Agent__o1__swebench_verified_mini_1743903907,My Agent,o1,swebench_verified_mini,50,20,447.78432,2025-04-06,swebench_verified_mini_1743903907,swebench_verified_mini_1743903907_UPLOAD.zip,0.4
My Agent__o3-2025-04-16__swebench_verified_mini_my_agento320250416_1745453708,My Agent,o3-2025-04-16,swebench_verified_mini,34,22,421.7886600000001,2025-04-24,swebench_verified_mini_my_agento320250416_1745453708,swebench_verified_mini_my_agento320250416_1745453708_UPLOAD.zip,0.6470588235294118
My Agent__o3-mini__swebench_verified_mini_1743879454,My Agent,o3-mini,swebench_verified_mini,46,20,113.3279378,2025-04-06,swebench_verified_mini_1743879454,swebench_verified_mini_1743879454_UPLOAD.zip,0.43478260869565216
My Agent__o3-mini__swebench_verified_mini_1744145062,My Agent,o3-mini,swebench_verified_mini,50,23,182.3031892,2025-04-10,swebench_verified_mini_1744145062,swebench_verified_mini_1744145062_UPLOAD.zip,0.46
My Agent__o3-mini__swebench_verified_mini_1744313672,My Agent,o3-mini,swebench_verified_mini,46,15,64.184692,2025-04-10,swebench_verified_mini_1744313672,swebench_verified_mini_1744313672_UPLOAD.zip,0.32608695652173914
SAB Self-Debug Claude-3-7 high__claude-3-7-sonnet-20250219__scienceagentbench_sab_selfdebug_claude37_high_1744847608,SAB Self-Debug Claude-3-7 high,claude-3-7-sonnet-20250219,scienceagentbench,102,31,11.742204,2025-04-17,scienceagentbench_sab_selfdebug_claude37_high_1744847608,scienceagentbench_sab_selfdebug_claude37_high_1744847608_UPLOAD.zip,0.30392156862745096
SAB Self-Debug Claude-3-7 low__claude-3-7-sonnet-20250219__scienceagentbench_sab_selfdebug_claude37_low_1744830220,SAB Self-Debug Claude-3-7 low,claude-3-7-sonnet-20250219,scienceagentbench,102,26,6.564069,2025-04-16,scienceagentbench_sab_selfdebug_claude37_low_1744830220,scienceagentbench_sab_selfdebug_claude37_low_1744830220_UPLOAD.zip,0.2549019607843137
SAB Self-Debug Claude-3-7__claude-3-7-sonnet-20250219__scienceagentbench_sab_selfdebug_claude37_1744812715,SAB Self-Debug Claude-3-7,claude-3-7-sonnet-20250219,scienceagentbench,102,23,7.118316,2025-04-16,scienceagentbench_sab_selfdebug_claude37_1744812715,scienceagentbench_sab_selfdebug_claude37_1744812715_UPLOAD.zip,0.22549019607843138
SAB Self-Debug Claude-Haiku-4-5 High__claude-haiku-4-5-20251001__scienceagentbench_sab_selfdebug_claudehaiku45_high_1761435103,SAB Self-Debug Claude-Haiku-4-5 High,claude-haiku-4-5-20251001,scienceagentbench,102,24,3.4123590000000004,2025-10-26,scienceagentbench_sab_selfdebug_claudehaiku45_high_1761435103,scienceagentbench_sab_selfdebug_claudehaiku45_high_1761435103_UPLOAD.zip,0.23529411764705882
SAB Self-Debug Claude-Haiku-4-5__claude-haiku-4-5-20251001__scienceagentbench_sab_selfdebug_claudehaiku45_1761449412,SAB Self-Debug Claude-Haiku-4-5,claude-haiku-4-5-20251001,scienceagentbench,102,19,2.663509,2025-10-26,scienceagentbench_sab_selfdebug_claudehaiku45_1761449412,scienceagentbench_sab_selfdebug_claudehaiku45_1761449412_UPLOAD.zip,0.18627450980392157
SAB Self-Debug Claude-Opus-4-1-High__claude-opus-4-1-20250805__scienceagentbench_sab_selfdebug_claudeopus41high_1755438590,SAB Self-Debug Claude-Opus-4-1-High,claude-opus-4-1-20250805,scienceagentbench,102,27,33.75297,2025-08-17,scienceagentbench_sab_selfdebug_claudeopus41high_1755438590,scienceagentbench_sab_selfdebug_claudeopus41high_1755438590_UPLOAD.zip,0.2647058823529412
SAB Self-Debug Claude-Opus-4-1__claude-opus-4-1-20250805__scienceagentbench_sab_selfdebug_claudeopus41_1755385889,SAB Self-Debug Claude-Opus-4-1,claude-opus-4-1-20250805,scienceagentbench,102,28,33.373994999999994,2025-08-17,scienceagentbench_sab_selfdebug_claudeopus41_1755385889,scienceagentbench_sab_selfdebug_claudeopus41_1755385889_UPLOAD.zip,0.27450980392156865
SAB Self-Debug Claude-Sonnet-4-5 High__claude-sonnet-4-5-20250929__scienceagentbench_sab_selfdebug_claudesonnet45_high_1761419019,SAB Self-Debug Claude-Sonnet-4-5 High,claude-sonnet-4-5-20250929,scienceagentbench,102,31,7.472979,2025-10-25,scienceagentbench_sab_selfdebug_claudesonnet45_high_1761419019,scienceagentbench_sab_selfdebug_claudesonnet45_high_1761419019_UPLOAD.zip,0.30392156862745096
SAB Self-Debug Claude-Sonnet-4-5__claude-sonnet-4-5-20250929__scienceagentbench_sab_selfdebug_claudesonnet45_1761249283,SAB Self-Debug Claude-Sonnet-4-5,claude-sonnet-4-5-20250929,scienceagentbench,102,30,7.389501,2025-10-23,scienceagentbench_sab_selfdebug_claudesonnet45_1761249283,scienceagentbench_sab_selfdebug_claudesonnet45_1761249283_UPLOAD.zip,0.29411764705882354
SAB Self-Debug DS-V3__together_ai/deepseek-ai/DeepSeek-V3__scienceagentbench_sab_selfdebug_dsv3_1744757465,SAB Self-Debug DS-V3,together_ai/deepseek-ai/DeepSeek-V3,scienceagentbench,102,16,2.0904475,2025-04-16,scienceagentbench_sab_selfdebug_dsv3_1744757465,scienceagentbench_sab_selfdebug_dsv3_1744757465_UPLOAD.zip,0.1568627450980392
SAB Self-Debug GPT-5-Medium__gpt-5-2025-08-07__scienceagentbench_sab_selfdebug_gpt5medium_1755353093,SAB Self-Debug GPT-5-Medium,gpt-5-2025-08-07,scienceagentbench,102,31,18.2572825,2025-08-16,scienceagentbench_sab_selfdebug_gpt5medium_1755353093,scienceagentbench_sab_selfdebug_gpt5medium_1755353093_UPLOAD.zip,0.30392156862745096
SAB Self-Debug gemini-2-0-flash__gemini/gemini-2.0-flash__scienceagentbench_sab_selfdebug_gemini20flash_1744901453,SAB Self-Debug gemini-2-0-flash,gemini/gemini-2.0-flash,scienceagentbench,102,13,0.1932662,2025-04-17,scienceagentbench_sab_selfdebug_gemini20flash_1744901453,scienceagentbench_sab_selfdebug_gemini20flash_1744901453_UPLOAD.zip,0.12745098039215685
SAB Self-Debug gemini-2-5-pro__gemini/gemini-2.5-pro-preview-03-25__scienceagentbench_sab_selfdebug_gemini25pro_1744919608,SAB Self-Debug gemini-2-5-pro,gemini/gemini-2.5-pro-preview-03-25,scienceagentbench,102,19,11.198726250000002,2025-04-18,scienceagentbench_sab_selfdebug_gemini25pro_1744919608,scienceagentbench_sab_selfdebug_gemini25pro_1744919608_UPLOAD.zip,0.18627450980392157
SAB Self-Debug o3 medium__o3-2025-04-16__scienceagentbench_sab_selfdebug_o3_medium_1745186112,SAB Self-Debug o3 medium,o3-2025-04-16,scienceagentbench,102,34,58.440180000000005,2025-04-21,scienceagentbench_sab_selfdebug_o3_medium_1745186112,scienceagentbench_sab_selfdebug_o3_medium_1745186112_UPLOAD.zip,0.3333333333333333
SAB Self-Debug o4-mini high__o4-mini-2025-04-16__scienceagentbench_sab_selfdebug_o4mini_high_1745253602,SAB Self-Debug o4-mini high,o4-mini-2025-04-16,scienceagentbench,102,28,11.1781934,2025-04-21,scienceagentbench_sab_selfdebug_o4mini_high_1745253602,scienceagentbench_sab_selfdebug_o4mini_high_1745253602_UPLOAD.zip,0.27450980392156865
SAB Self-Debug o4-mini low__o4-mini-2025-04-16__scienceagentbench_sab_selfdebug_o4mini_low_1745199029,SAB Self-Debug o4-mini low,o4-mini-2025-04-16,scienceagentbench,102,28,3.9544384,2025-04-21,scienceagentbench_sab_selfdebug_o4mini_low_1745199029,scienceagentbench_sab_selfdebug_o4mini_low_1745199029_UPLOAD.zip,0.27450980392156865
SWE-Agent__claude-3-7-sonnet-20250219__swebench_verified_mini_1744335342,SWE-Agent,claude-3-7-sonnet-20250219,swebench_verified_mini,50,26,34.067261099999996,2025-10-31,swebench_verified_mini_1744335342,swebench_verified_mini_1744335342_UPLOAD.zip,0.52
SWE-Agent__claude-3-7-sonnet-20250219__swebench_verified_mini_1744397462,SWE-Agent,claude-3-7-sonnet-20250219,swebench_verified_mini,50,27,33.344516999999996,2025-10-31,swebench_verified_mini_1744397462,swebench_verified_mini_1744397462_UPLOAD.zip,0.54
SciCode Tool Calling Agent__openrouter/anthropic/claude-opus-4.1__scicode_scicode_tool_calling_agent_claudeopus4120250514_1754678715,SciCode Tool Calling Agent,openrouter/anthropic/claude-opus-4.1,scicode,65,5,507.73227,2025-08-08,scicode_scicode_tool_calling_agent_claudeopus4120250514_1754678715,scicode_scicode-tool_calling_agent_claudeopus4120250514_1754678715_UPLOAD.zip,0.07692307692307693
Scicode Tool Calling Agent__anthropic/claude-3-7-sonnet-20250219__scicode_scicode_tool_calling_agent_claude37sonnet20250219_1745294865,Scicode Tool Calling Agent,anthropic/claude-3-7-sonnet-20250219,scicode,65,2,191.410341,2025-04-22,scicode_scicode_tool_calling_agent_claude37sonnet20250219_1745294865,scicode_scicode_tool_calling_agent_claude37sonnet20250219_1745294865_UPLOAD.zip,0.03076923076923077
Scicode Tool Calling Agent__anthropic/claude-3-7-sonnet-20250219__scicode_scicode_tool_calling_agent_claude37sonnet20250219_high_1753770104,Scicode Tool Calling Agent,anthropic/claude-3-7-sonnet-20250219,scicode,65,3,204.372879,2025-07-29,scicode_scicode_tool_calling_agent_claude37sonnet20250219_high_1753770104,scicode_scicode_tool_calling_agent_claude37sonnet20250219_high_1753770104_UPLOAD.zip,0.046153846153846156
Scicode Tool Calling Agent__anthropic/claude-haiku-4-5__scicode_scicode_tool_calling_agent_claudehaiku45_1760968740,Scicode Tool Calling Agent,anthropic/claude-haiku-4-5,scicode,65,0,232.356697,2025-10-22,scicode_scicode_tool_calling_agent_claudehaiku45_1760968740,scicode_scicode_tool_calling_agent_claudehaiku45_1760968740_UPLOAD.zip,0.0
Scicode Tool Calling Agent__anthropic/claude-sonnet-4-5-20250929__scicode_scicode_tool_calling_agent_claudesonnet4520250929_1759418654,Scicode Tool Calling Agent,anthropic/claude-sonnet-4-5-20250929,scicode,65,2,104.290911,2025-10-02,scicode_scicode_tool_calling_agent_claudesonnet4520250929_1759418654,scicode_scicode_tool_calling_agent_claudesonnet4520250929_1759418654_UPLOAD.zip,0.03076923076923077
Scicode Tool Calling Agent__gemini/gemini-2.0-flash__scicode_scicode_tool_calling_agent_gemini20flash_1745324545,Scicode Tool Calling Agent,gemini/gemini-2.0-flash,scicode,65,1,5.2292109,2025-04-22,scicode_scicode_tool_calling_agent_gemini20flash_1745324545,scicode_scicode_tool_calling_agent_gemini20flash_1745324545_UPLOAD.zip,0.015384615384615385
Scicode Tool Calling Agent__gpt-4.1-2025-04-14__scicode_scicode_tool_calling_agent_gpt4120250414_1745260672,Scicode Tool Calling Agent,gpt-4.1-2025-04-14,scicode,65,1,69.388052,2025-04-21,scicode_scicode_tool_calling_agent_gpt4120250414_1745260672,scicode_scicode_tool_calling_agent_gpt4120250414_1745260672_UPLOAD.zip,0.015384615384615385
Scicode Tool Calling Agent__openai/gpt-5__scicode_scicode_tool_calling_agent_gpt5_1754600998,Scicode Tool Calling Agent,openai/gpt-5,scicode,65,4,193.523185,2025-08-08,scicode_scicode_tool_calling_agent_gpt5_1754600998,scicode_scicode_tool_calling_agent_gpt5_1754600998_UPLOAD.zip,0.06153846153846154
Scicode Tool Calling Agent__openai/o3-2025-04-16__scicode_scicode_tool_calling_agent_o320250416_1745276105,Scicode Tool Calling Agent,openai/o3-2025-04-16,scicode,65,6,555.57109,2025-04-21,scicode_scicode_tool_calling_agent_o320250416_1745276105,scicode_scicode_tool_calling_agent_o320250416_1745276105_UPLOAD.zip,0.09230769230769231
Scicode Tool Calling Agent__openai/o4-mini-2025-04-16__scicode_scicode_tool_calling_agent_o4mini20250416_1745267192,Scicode Tool Calling Agent,openai/o4-mini-2025-04-16,scicode,65,2,55.8630952,2025-04-22,scicode_scicode_tool_calling_agent_o4mini20250416_1745267192,scicode_scicode_tool_calling_agent_o4mini20250416_1745267192_UPLOAD.zip,0.03076923076923077
Scicode Tool Calling Agent__openai/o4-mini-2025-04-16__scicode_scicode_tool_calling_agent_o4mini20250416_high_1745414081,Scicode Tool Calling Agent,openai/o4-mini-2025-04-16,scicode,65,3,66.20299510000001,2025-04-23,scicode_scicode_tool_calling_agent_o4mini20250416_high_1745414081,scicode_scicode_tool_calling_agent_o4mini20250416_high_1745414081_UPLOAD.zip,0.046153846153846156
Scicode Tool Calling Agent__openai/o4-mini-2025-04-16__scicode_scicode_tool_calling_agent_o4mini20250416_low_1745286980,Scicode Tool Calling Agent,openai/o4-mini-2025-04-16,scicode,65,3,46.302626700000005,2025-04-22,scicode_scicode_tool_calling_agent_o4mini20250416_low_1745286980,scicode_scicode_tool_calling_agent_o4mini20250416_low_1745286980_UPLOAD.zip,0.046153846153846156
Scicode Tool Calling Agent__openrouter/anthropic/claude-opus-4.1__scicode_scicode_tool_calling_agent_claudeopus41_1755801688,Scicode Tool Calling Agent,openrouter/anthropic/claude-opus-4.1,scicode,65,5,625.12608,2025-08-21,scicode_scicode_tool_calling_agent_claudeopus41_1755801688,scicode_scicode_tool_calling_agent_claudeopus41_1755801688_UPLOAD.zip,0.07692307692307693
Scicode Tool Calling Agent__openrouter/anthropic/claude-opus-4.1__scicode_scicode_tool_calling_agent_claudeopus41_high_1755107101,Scicode Tool Calling Agent,openrouter/anthropic/claude-opus-4.1,scicode,65,4,593.3490449999999,2025-08-13,scicode_scicode_tool_calling_agent_claudeopus41_high_1755107101,scicode_scicode_tool_calling_agent_claudeopus41_high_1755107101_UPLOAD.zip,0.06153846153846154
Scicode Tool Calling Agent__openrouter/anthropic/claude-sonnet-4.5__scicode_scicode_tool_calling_agent_claudesonnet45_high_1759429729,Scicode Tool Calling Agent,openrouter/anthropic/claude-sonnet-4.5,scicode,65,1,0.0,2025-10-06,scicode_scicode_tool_calling_agent_claudesonnet45_high_1759429729,scicode_scicode_tool_calling_agent_claudesonnet45_high_1759429729_UPLOAD.zip,0.015384615384615385
Scicode Tool Calling Agent__together_ai/deepseek-ai/DeepSeek-R1__scicode_scicode_tool_calling_agent_deepseekaideepseekr1_1753819405,Scicode Tool Calling Agent,together_ai/deepseek-ai/DeepSeek-R1,scicode,65,0,273.982568,2025-07-29,scicode_scicode_tool_calling_agent_deepseekaideepseekr1_1753819405,scicode_scicode_tool_calling_agent_deepseekaideepseekr1_1753819405_UPLOAD.zip,0.0
Scicode Tool Calling Agent__together_ai/deepseek-ai/DeepSeek-V3__scicode_scicode_tool_calling_agent_deepseekaiDeepSeekV3_1745349011,Scicode Tool Calling Agent,together_ai/deepseek-ai/DeepSeek-V3,scicode,65,0,52.109545,2025-04-23,scicode_scicode_tool_calling_agent_deepseekaiDeepSeekV3_1745349011,scicode_scicode_tool_calling_agent_deepseekaiDeepSeekV3_1745349011_UPLOAD.zip,0.0
Scicode Zero Shot Agent__anthropic/claude-3-7-sonnet-20250219__scicode_scicode_zero_shot_agent_claude37sonnet20250219_1745345545,Scicode Zero Shot Agent,anthropic/claude-3-7-sonnet-20250219,scicode,65,0,5.100624,2025-04-22,scicode_scicode_zero_shot_agent_claude37sonnet20250219_1745345545,scicode_scicode_zero_shot_agent_claude37sonnet20250219_1745345545_UPLOAD.zip,0.0
Scicode Zero Shot Agent__anthropic/claude-3-7-sonnet-20250219__scicode_scicode_zero_shot_agent_claude37sonnet20250219_high_1748945506,Scicode Zero Shot Agent,anthropic/claude-3-7-sonnet-20250219,scicode,65,2,4.989042,2025-07-29,scicode_scicode_zero_shot_agent_claude37sonnet20250219_high_1748945506,scicode_scicode_zero_shot_agent_claude37sonnet20250219_high_1748945506_UPLOAD.zip,0.03076923076923077
Scicode Zero Shot Agent__gemini/gemini-2.0-flash__scicode_scicode_zero_shot_agent_gemini20flash_1745437512,Scicode Zero Shot Agent,gemini/gemini-2.0-flash,scicode,65,1,0.1239852,2025-04-23,scicode_scicode_zero_shot_agent_gemini20flash_1745437512,scicode_scicode_zero_shot_agent_gemini20flash_1745437512_UPLOAD.zip,0.015384615384615385
Scicode Zero Shot Agent__openai/gpt-4.1-2025-04-14__scicode_scicode_zero_shot_agent_gpt4120250414_1745265933,Scicode Zero Shot Agent,openai/gpt-4.1-2025-04-14,scicode,65,4,2.82264,2025-04-21,scicode_scicode_zero_shot_agent_gpt4120250414_1745265933,scicode_scicode_zero_shot_agent_gpt4120250414_1745265933_UPLOAD.zip,0.06153846153846154
Scicode Zero Shot Agent__openai/o3-2025-04-16__scicode_scicode_zero_shot_agent_o320250416_1745284451,Scicode Zero Shot Agent,openai/o3-2025-04-16,scicode,65,3,30.164750000000005,2025-04-21,scicode_scicode_zero_shot_agent_o320250416_1745284451,scicode_scicode_zero_shot_agent_o320250416_1745284451_UPLOAD.zip,0.046153846153846156
Scicode Zero Shot Agent__openai/o4-mini-2025-04-16__scicode_scicode_zero_shot_agent_o4mini20250416_1745274271,Scicode Zero Shot Agent,openai/o4-mini-2025-04-16,scicode,65,4,2.7246428,2025-04-21,scicode_scicode_zero_shot_agent_o4mini20250416_1745274271,scicode_scicode_zero_shot_agent_o4mini20250416_1745274271_UPLOAD.zip,0.06153846153846154
Scicode Zero Shot Agent__openai/o4-mini-2025-04-16__scicode_scicode_zero_shot_agent_o4mini20250416_high_1745429794,Scicode Zero Shot Agent,openai/o4-mini-2025-04-16,scicode,65,4,5.3669682000000005,2025-04-23,scicode_scicode_zero_shot_agent_o4mini20250416_high_1745429794,scicode_scicode_zero_shot_agent_o4mini20250416_high_1745429794_UPLOAD.zip,0.06153846153846154
Scicode Zero Shot Agent__openai/o4-mini-2025-04-16__scicode_scicode_zero_shot_agent_o4mini20250416_low_1745290900,Scicode Zero Shot Agent,openai/o4-mini-2025-04-16,scicode,65,6,1.7412956000000002,2025-04-21,scicode_scicode_zero_shot_agent_o4mini20250416_low_1745290900,scicode_scicode_zero_shot_agent_o4mini20250416_low_1745290900_UPLOAD.zip,0.09230769230769231
Scicode Zero Shot Agent__together_ai/deepseek-ai/DeepSeek-R1__scicode_scicode_zero_shot_agent_deepseekaideepseekr1_1753815994,Scicode Zero Shot Agent,together_ai/deepseek-ai/DeepSeek-R1,scicode,65,0,9.176817,2025-07-29,scicode_scicode_zero_shot_agent_deepseekaideepseekr1_1753815994,scicode_scicode_zero_shot_agent_deepseekaideepseekr1_1753815994_UPLOAD.zip,0.0
Scicode Zero Shot Agent__together_ai/deepseek-ai/DeepSeek-V3__scicode_scicode_zero_shot_agent_deepseekaideepseekv3_1745456160,Scicode Zero Shot Agent,together_ai/deepseek-ai/DeepSeek-V3,scicode,65,2,0.79236125,2025-04-23,scicode_scicode_zero_shot_agent_deepseekaideepseekv3_1745456160,scicode_scicode_zero_shot_agent_deepseekaideepseekv3_1745456160_UPLOAD.zip,0.03076923076923077
SeeAct__claude-3-7-sonnet-20250219__seeact_claude-3-7-sonnet-20250219,SeeAct,claude-3-7-sonnet-20250219,online_mind2web,300,85,291.96709500000003,2025-05-09,seeact_claude-3-7-sonnet-20250219,seeact_claude-3-7-sonnet-20250219_UPLOAD.zip,0.2833333333333333
SeeAct__claude-3-7-sonnet-20250219__seeact_claude-3-7-sonnet-20250219_thinking_high_4096,SeeAct,claude-3-7-sonnet-20250219,online_mind2web,300,91,367.508154,2025-05-25,seeact_claude-3-7-sonnet-20250219_thinking_high_4096,seeact_claude-3-7-sonnet-20250219_thinking_high_4096_UPLOAD.zip,0.30333333333333334
SeeAct__claude-sonnet-4-20250514__seeact_claude-sonnet-4-20250514,SeeAct,claude-sonnet-4-20250514,online_mind2web,300,110,246.179502,2025-08-10,seeact_claude-sonnet-4-20250514,seeact_claude-sonnet-4-20250514_UPLOAD.zip,0.36666666666666664
SeeAct__claude-sonnet-4-20250514__seeact_claude-sonnet-4-20250514_thinking_high_4096,SeeAct,claude-sonnet-4-20250514,online_mind2web,300,110,326.405703,2025-08-14,seeact_claude-sonnet-4-20250514_thinking_high_4096,seeact_claude-sonnet-4-20250514_thinking_high_4096_UPLOAD.zip,0.36666666666666664
SeeAct__gemini/gemini-2.0-flash__seeact_gemini-2.0-flash,SeeAct,gemini/gemini-2.0-flash,online_mind2web,300,80,5.033895800000001,2025-07-11,seeact_gemini-2.0-flash,seeact_gemini-2.0-flash_UPLOAD.zip,0.26666666666666666
SeeAct__gemini/gemini-2.5-pro-preview-03-25__seeact_gemini-2.5-pro-preview-03-25,SeeAct,gemini/gemini-2.5-pro-preview-03-25,online_mind2web,300,119,153.60880625,2025-06-02,seeact_gemini-2.5-pro-preview-03-25,seeact_gemini-2.5-pro-preview-03-25_UPLOAD.zip,0.39666666666666667
SeeAct__gpt-4.1-2025-04-14__seeact_gpt-4.1-2025-04-14,SeeAct,gpt-4.1-2025-04-14,online_mind2web,300,91,271.237592,2025-05-05,seeact_gpt-4.1-2025-04-14,seeact_gpt-4.1-2025-04-14_UPLOAD.zip,0.30333333333333334
SeeAct__gpt-5-2025-08-07__seeact_gpt-5_reasoning_effort_high,SeeAct,gpt-5-2025-08-07,online_mind2web,300,125,342.93202,2025-08-20,seeact_gpt-5_reasoning_effort_high,seeact_gpt-5_reasoning_effort_high_UPLOAD.zip,0.4166666666666667
SeeAct__gpt-5-2025-08-07__seeact_gpt-5_reasoning_effort_medium,SeeAct,gpt-5-2025-08-07,online_mind2web,300,127,171.06904375000002,2025-08-13,seeact_gpt-5_reasoning_effort_medium,seeact_gpt-5_reasoning_effort_medium_UPLOAD.zip,0.42333333333333334
SeeAct__gpt-5-2025-08-07__seeact_gpt-5_reasoning_effort_minimal,SeeAct,gpt-5-2025-08-07,online_mind2web,300,91,78.8648775,2025-08-11,seeact_gpt-5_reasoning_effort_minimal,seeact_gpt-5_reasoning_effort_minimal_UPLOAD.zip,0.30333333333333334
SeeAct__o3-2025-04-16__seeact_o3-2025-04-16,SeeAct,o3-2025-04-16,online_mind2web,300,117,1293.68746,2025-05-18,seeact_o3-2025-04-16,seeact_o3-2025-04-16_UPLOAD.zip,0.39
SeeAct__o4-mini-2025-04-16__seeact_o4-mini_reasoning_effort_high,SeeAct,o4-mini-2025-04-16,online_mind2web,300,96,228.9760572,2025-05-04,seeact_o4-mini_reasoning_effort_high,seeact_o4-mini_reasoning_effort_high_UPLOAD.zip,0.32
SeeAct__o4-mini-2025-04-16__seeact_o4-mini_reasoning_effort_low,SeeAct,o4-mini-2025-04-16,online_mind2web,300,95,162.3607172,2025-05-10,seeact_o4-mini_reasoning_effort_low,seeact_o4-mini_reasoning_effort_low_UPLOAD.zip,0.31666666666666665
SeeAct__openrouter/anthropic/claude-haiku-4.5__seeact_claude-haiku-4-5-20251001,SeeAct,openrouter/anthropic/claude-haiku-4.5,online_mind2web,300,98,66.783088,2025-10-28,seeact_claude-haiku-4-5-20251001,seeact_claude-haiku-4-5-20251001_UPLOAD.zip,0.32666666666666666
SeeAct__openrouter/anthropic/claude-haiku-4.5__seeact_claude-haiku-4-5-20251001_thinking_high_4096,SeeAct,openrouter/anthropic/claude-haiku-4.5,online_mind2web,300,109,89.16919,2025-10-28,seeact_claude-haiku-4-5-20251001_thinking_high_4096,seeact_claude-haiku-4-5-20251001_thinking_high_4096_UPLOAD.zip,0.36333333333333334
SeeAct__openrouter/anthropic/claude-sonnet-4.5__seeact_claude-sonnet-4-5-20250929,SeeAct,openrouter/anthropic/claude-sonnet-4.5,online_mind2web,300,105,204.857844,2025-10-28,seeact_claude-sonnet-4-5-20250929,seeact_claude-sonnet-4-5-20250929_UPLOAD.zip,0.35
SeeAct__openrouter/anthropic/claude-sonnet-4.5__seeact_claude-sonnet-4-5-20250929_thinking_high_4096,SeeAct,openrouter/anthropic/claude-sonnet-4.5,online_mind2web,300,114,293.15486699999997,2025-10-28,seeact_claude-sonnet-4-5-20250929_thinking_high_4096,seeact_claude-sonnet-4-5-20250929_thinking_high_4096_UPLOAD.zip,0.38
colbench_backend_programming colbench_example_agent__gemini/gemini-2.0-flash__colbench_backend_programming_colbench_backend_programming_colbench_example_agentgemini20flash_1758546469,colbench_backend_programming colbench_example_agent,gemini/gemini-2.0-flash,colbench_backend_programming,1000,338,6.0130729,2025-09-22,colbench_backend_programming_colbench_backend_programming_colbench_example_agentgemini20flash_1758546469,colbench_backend_programming_colbench_backend_programming_colbench_example_agentgemini20flash_1758546469_UPLOAD.zip,0.338
colbench_backend_programming colbench_example_agent__gpt-5__colbench_backend_programming_colbench_backend_programming_colbench_example_agentgpt5openaimedium_1758581642,colbench_backend_programming colbench_example_agent,gpt-5,colbench_backend_programming,1000,223,52.54643625000001,2025-09-22,colbench_backend_programming_colbench_backend_programming_colbench_example_agentgpt5openaimedium_1758581642,colbench_backend_programming_colbench_backend_programming_colbench_example_agentgpt5openaimedium_1758581642_UPLOAD.zip,0.223
colbench_backend_programming colbench_example_agent__o3-2025-04-16__colbench_backend_programming_colbench_backend_programming_colbench_example_agento320250416medium_1758572310,colbench_backend_programming colbench_example_agent,o3-2025-04-16,colbench_backend_programming,1000,371,106.5976175,2025-09-22,colbench_backend_programming_colbench_backend_programming_colbench_example_agento320250416medium_1758572310,colbench_backend_programming_colbench_backend_programming_colbench_example_agento320250416medium_1758572310_UPLOAD.zip,0.371
colbench_backend_programming colbench_example_agent__o4-mini-2025-04-16__colbench_backend_programming_colbench_backend_programming_colbench_example_agento4mini20250416high_1758569130,colbench_backend_programming colbench_example_agent,o4-mini-2025-04-16,colbench_backend_programming,1000,343,31.3843466,2025-09-22,colbench_backend_programming_colbench_backend_programming_colbench_example_agento4mini20250416high_1758569130,colbench_backend_programming_colbench_backend_programming_colbench_example_agento4mini20250416high_1758569130_UPLOAD.zip,0.343
colbench_backend_programming colbench_example_agent__o4-mini-2025-04-16__colbench_backend_programming_colbench_backend_programming_colbench_example_agento4mini20250416low_1758506687,colbench_backend_programming colbench_example_agent,o4-mini-2025-04-16,colbench_backend_programming,1000,372,14.7291319,2025-09-22,colbench_backend_programming_colbench_backend_programming_colbench_example_agento4mini20250416low_1758506687,colbench_backend_programming_colbench_backend_programming_colbench_example_agento4mini20250416low_1758506687_UPLOAD.zip,0.372
colbench_backend_programming colbench_example_agent__openrouter/anthropic/claude-3.7-sonnet:thinking__colbench_backend_programming_colbench_backend_programming_colbench_example_agentclaude37sonnetthinking_1758575463,colbench_backend_programming colbench_example_agent,openrouter/anthropic/claude-3.7-sonnet:thinking,colbench_backend_programming,1000,400,40.596878,2025-09-22,colbench_backend_programming_colbench_backend_programming_colbench_example_agentclaude37sonnetthinking_1758575463,colbench_backend_programming_colbench_backend_programming_colbench_example_agentclaude37sonnetthinking_1758575463_UPLOAD.zip,0.4
colbench_backend_programming colbench_example_agent__openrouter/anthropic/claude-3.7-sonnet:thinking__colbench_backend_programming_colbench_backend_programming_colbench_example_agentclaude37sonnetthinkinghigh_1758549642,colbench_backend_programming colbench_example_agent,openrouter/anthropic/claude-3.7-sonnet:thinking,colbench_backend_programming,1000,407,35.1545455,2025-09-22,colbench_backend_programming_colbench_backend_programming_colbench_example_agentclaude37sonnetthinkinghigh_1758549642,colbench_backend_programming_colbench_backend_programming_colbench_example_agentclaude37sonnetthinkinghigh_1758549642_UPLOAD.zip,0.407
colbench_backend_programming colbench_example_agent__openrouter/anthropic/claude-3.7-sonnet__colbench_backend_programming_colbench_backend_programming_colbench_example_agentclaude37sonnet_1758578559,colbench_backend_programming colbench_example_agent,openrouter/anthropic/claude-3.7-sonnet,colbench_backend_programming,1000,412,23.6297285,2025-09-22,colbench_backend_programming_colbench_backend_programming_colbench_example_agentclaude37sonnet_1758578559,colbench_backend_programming_colbench_backend_programming_colbench_example_agentclaude37sonnet_1758578559_UPLOAD.zip,0.412
colbench_backend_programming colbench_example_agent__openrouter/deepseek/deepseek-chat-v3-0324__colbench_backend_programming_colbench_backend_programming_colbench_example_agentdeepseekchatv30324_1758584800,colbench_backend_programming colbench_example_agent,openrouter/deepseek/deepseek-chat-v3-0324,colbench_backend_programming,1000,245,2.10287378,2025-09-23,colbench_backend_programming_colbench_backend_programming_colbench_example_agentdeepseekchatv30324_1758584800,colbench_backend_programming_colbench_backend_programming_colbench_example_agentdeepseekchatv30324_1758584800_UPLOAD.zip,0.245
colbench_example_agent_gpt41__gpt-4.1-2025-04-14__colbench_backend_programming_colbench_example_agent_gpt41_1758503208,colbench_example_agent_gpt41,gpt-4.1-2025-04-14,colbench_backend_programming,1000,386,15.9881365,2025-09-22,colbench_backend_programming_colbench_example_agent_gpt41_1758503208,colbench_backend_programming_colbench_example_agent_gpt41_1758503208_UPLOAD.zip,0.386
coreagent__openai/o3-mini-2025-01-31__corebench_hard_coreagent_1744839552,coreagent,openai/o3-mini-2025-01-31,corebench_hard,45,9,21.8612938,2025-04-17,corebench_hard_coreagent_1744839552,corebench_hard_coreagent_1744839552_UPLOAD.zip,0.2
hal_generalist_agent_deepseekaideepseekr1__together_ai/deepseek-ai/DeepSeek-R1__swebench_verified_mini_hal_generalist_agent_deepseekaideepseekr1_1744619918,hal_generalist_agent_deepseekaideepseekr1,together_ai/deepseek-ai/DeepSeek-R1,swebench_verified_mini,50,3,146.70910600000002,2025-04-14,swebench_verified_mini_hal_generalist_agent_deepseekaideepseekr1_1744619918,swebench_verified_mini_hal_generalist_agent_deepseekaideepseekr1_1744619918_UPLOAD.zip,0.06
hal_generalist_agent_deepseekaideepseekv3__together_ai/deepseek-ai/DeepSeek-V3__swebench_verified_mini_hal_generalist_agent_deepseekaideepseekv3_1744610459,hal_generalist_agent_deepseekaideepseekv3,together_ai/deepseek-ai/DeepSeek-V3,swebench_verified_mini,50,5,30.165090000000003,2025-04-14,swebench_verified_mini_hal_generalist_agent_deepseekaideepseekv3_1744610459,swebench_verified_mini_hal_generalist_agent_deepseekaideepseekv3_1744610459_UPLOAD.zip,0.1
hal_generalist_agent_gemini20flash__gemini/gemini-2.0-flash__swebench_verified_mini_hal_generalist_agent_gemini20flash_1744635676,hal_generalist_agent_gemini20flash,gemini/gemini-2.0-flash,swebench_verified_mini,50,1,7.330111,2025-04-14,swebench_verified_mini_hal_generalist_agent_gemini20flash_1744635676,swebench_verified_mini_hal_generalist_agent_gemini20flash_1744635676_UPLOAD.zip,0.02
hal_generalist_agent_o3mini20250131_high__o3-mini-2025-01-31__swebench_verified_mini_hal_generalist_agent_o3mini20250131_high_1744606601,hal_generalist_agent_o3mini20250131_high,o3-mini-2025-01-31,swebench_verified_mini,50,0,8.092064200000001,2025-04-14,swebench_verified_mini_hal_generalist_agent_o3mini20250131_high_1744606601,swebench_verified_mini_hal_generalist_agent_o3mini20250131_high_1744606601_UPLOAD.zip,0.0
hal_generalist_agent_o3mini20250131_low__o3-mini-2025-01-31__swebench_verified_mini_hal_generalist_agent_o3mini20250131_low_1744603516,hal_generalist_agent_o3mini20250131_low,o3-mini-2025-01-31,swebench_verified_mini,50,0,11.078982200000002,2025-04-14,swebench_verified_mini_hal_generalist_agent_o3mini20250131_low_1744603516,swebench_verified_mini_hal_generalist_agent_o3mini20250131_low_1744603516_UPLOAD.zip,0.0
sab_selfdebug_dsr1__together_ai/deepseek-ai/DeepSeek-R1__scienceagentbench_sab_selfdebug_dsr1_1744769491,sab_selfdebug_dsr1,together_ai/deepseek-ai/DeepSeek-R1,scienceagentbench,102,24,18.242402,2025-04-16,scienceagentbench_sab_selfdebug_dsr1_1744769491,scienceagentbench_sab_selfdebug_dsr1_1744769491_UPLOAD.zip,0.23529411764705882
sab_selfdebug_gpt_41__gpt-4.1-2025-04-14__scienceagentbench_sab_selfdebug_gpt_41_1744993235,sab_selfdebug_gpt_41,gpt-4.1-2025-04-14,scienceagentbench,102,25,7.41574,2025-04-18,scienceagentbench_sab_selfdebug_gpt_41_1744993235,scienceagentbench_sab_selfdebug_gpt_41_1744993235_UPLOAD.zip,0.24509803921568626
